Month,Variety,Avg Price,Unit Price,Low Price,High Price,Package
9,HOWDEN TYPE,160.0,6.666666666666667,160.0,160.0,24 inch bins
9,HOWDEN TYPE,160.0,6.666666666666667,160.0,160.0,24 inch bins
11,HOWDEN TYPE,95.0,3.9583333333333335,90.0,100.0,24 inch bins
11,HOWDEN TYPE,95.0,3.9583333333333335,90.0,100.0,24 inch bins
9,HOWDEN TYPE,165.0,4.583333333333333,160.0,170.0,36 inch bins
9,HOWDEN TYPE,160.0,4.444444444444445,160.0,160.0,36 inch bins
10,HOWDEN TYPE,165.0,4.583333333333333,160.0,170.0,36 inch bins
10,HOWDEN TYPE,160.0,4.444444444444445,160.0,160.0,36 inch bins
10,HOWDEN TYPE,165.0,4.583333333333333,160.0,170.0,36 inch bins
10,HOWDEN TYPE,160.0,4.444444444444445,160.0,160.0,36 inch bins
10,HOWDEN TYPE,155.0,4.305555555555555,150.0,160.0,36 inch bins
10,HOWDEN TYPE,160.0,4.444444444444445,150.0,170.0,36 inch bins
10,HOWDEN TYPE,155.0,4.305555555555555,150.0,160.0,36 inch bins
10,HOWDEN TYPE,150.0,4.166666666666667,140.0,160.0,36 inch bins
10,HOWDEN TYPE,130.0,3.611111111111111,100.0,160.0,36 inch bins
10,HOWDEN TYPE,145.0,4.027777777777778,130.0,160.0,36 inch bins
10,HOWDEN TYPE,130.0,3.611111111111111,130.0,130.0,36 inch bins
11,HOWDEN TYPE,125.0,3.4722222222222223,120.0,130.0,36 inch bins
11,HOWDEN TYPE,115.0,3.1944444444444446,100.0,130.0,36 inch bins
11,HOWDEN TYPE,95.0,2.638888888888889,90.0,100.0,36 inch bins
11,HOWDEN TYPE,110.0,3.0555555555555554,100.0,120.0,36 inch bins
9,HOWDEN TYPE,160.0,4.444444444444445,160.0,160.0,36 inch bins
9,HOWDEN TYPE,160.0,4.444444444444445,160.0,160.0,36 inch bins
9,HOWDEN TYPE,155.0,4.305555555555555,150.0,160.0,36 inch bins
9,HOWDEN TYPE,155.0,4.305555555555555,150.0,160.0,36 inch bins
9,HOWDEN WHITE TYPE,170.0,7.083333333333333,160.0,180.0,24 inch bins
9,HOWDEN WHITE TYPE,180.0,7.5,180.0,180.0,24 inch bins
6,CINDERELLA,380.0,15.833333333333334,380.0,380.0,24 inch bins
6,CINDERELLA,380.0,15.833333333333334,380.0,380.0,24 inch bins
6,CINDERELLA,380.0,15.833333333333334,380.0,380.0,24 inch bins
8,CINDERELLA,200.0,8.333333333333334,200.0,200.0,24 inch bins
8,CINDERELLA,275.0,11.458333333333334,200.0,350.0,24 inch bins
9,CINDERELLA,350.0,14.583333333333334,350.0,350.0,24 inch bins
9,CINDERELLA,180.0,7.5,180.0,180.0,24 inch bins
9,CINDERELLA,200.0,8.333333333333334,200.0,200.0,24 inch bins
9,CINDERELLA,190.0,7.916666666666667,180.0,200.0,24 inch bins
9,CINDERELLA,190.0,7.916666666666667,180.0,200.0,24 inch bins
9,CINDERELLA,340.0,14.166666666666666,340.0,340.0,24 inch bins
9,CINDERELLA,245.0,10.208333333333334,240.0,250.0,24 inch bins
9,CINDERELLA,200.0,8.333333333333334,200.0,200.0,24 inch bins
9,CINDERELLA,340.0,14.166666666666666,340.0,340.0,24 inch bins
9,CINDERELLA,245.0,10.208333333333334,240.0,250.0,24 inch bins
9,CINDERELLA,190.0,7.916666666666667,180.0,200.0,24 inch bins
9,FAIRYTALE,255.0,10.625,250.0,260.0,24 inch bins
9,FAIRYTALE,255.0,10.625,250.0,260.0,24 inch bins
10,FAIRYTALE,255.0,10.625,250.0,260.0,24 inch bins
10,FAIRYTALE,255.0,10.625,250.0,260.0,24 inch bins
10,FAIRYTALE,247.5,10.3125,235.0,260.0,24 inch bins
10,FAIRYTALE,255.0,10.625,250.0,260.0,24 inch bins
10,FAIRYTALE,242.5,10.104166666666666,235.0,250.0,24 inch bins
10,FAIRYTALE,235.0,9.791666666666666,230.0,240.0,24 inch bins
10,FAIRYTALE,230.0,9.583333333333334,220.0,240.0,24 inch bins
10,FAIRYTALE,230.0,9.583333333333334,230.0,230.0,24 inch bins
11,FAIRYTALE,215.0,8.958333333333334,200.0,230.0,24 inch bins
11,FAIRYTALE,215.0,8.958333333333334,200.0,230.0,24 inch bins
11,FAIRYTALE,200.0,8.333333333333334,200.0,200.0,24 inch bins
11,FAIRYTALE,200.0,8.333333333333334,200.0,200.0,24 inch bins
11,FAIRYTALE,215.0,8.958333333333334,200.0,230.0,24 inch bins
11,FAIRYTALE,210.0,8.75,210.0,210.0,24 inch bins
9,PIE TYPE,160.0,6.666666666666667,160.0,160.0,24 inch bins
9,PIE TYPE,200.0,8.333333333333334,200.0,200.0,24 inch bins
9,PIE TYPE,195.0,8.125,190.0,200.0,24 inch bins
9,BIG MACK TYPE,55.0,2.2916666666666665,50.0,60.0,24 inch bins
9,BIG MACK TYPE,55.0,2.2916666666666665,50.0,60.0,24 inch bins
9,BIG MACK TYPE,55.0,2.2916666666666665,50.0,60.0,24 inch bins
10,BIG MACK TYPE,55.0,2.2916666666666665,50.0,60.0,24 inch bins
10,BIG MACK TYPE,55.0,2.2916666666666665,50.0,60.0,24 inch bins
10,BIG MACK TYPE,55.0,2.2916666666666665,50.0,60.0,24 inch bins
10,BIG MACK TYPE,55.0,2.2916666666666665,50.0,60.0,24 inch bins
10,BIG MACK TYPE,55.0,2.2916666666666665,50.0,60.0,24 inch bins
10,BIG MACK TYPE,55.0,2.2916666666666665,50.0,60.0,24 inch bins
10,BIG MACK TYPE,50.0,2.0833333333333335,40.0,60.0,24 inch bins
10,BIG MACK TYPE,50.0,2.0833333333333335,40.0,60.0,24 inch bins
10,BIG MACK TYPE,55.0,2.2916666666666665,50.0,60.0,24 inch bins
10,BIG MACK TYPE,55.0,2.2916666666666665,50.0,60.0,24 inch bins
10,BIG MACK TYPE,55.0,2.2916666666666665,50.0,60.0,24 inch bins
10,BIG MACK TYPE,50.0,2.0833333333333335,40.0,60.0,24 inch bins
10,BIG MACK TYPE,50.0,2.0833333333333335,40.0,60.0,24 inch bins
10,BIG MACK TYPE,55.0,2.2916666666666665,50.0,60.0,24 inch bins
10,BIG MACK TYPE,55.0,2.2916666666666665,50.0,60.0,24 inch bins
10,BIG MACK TYPE,50.0,2.0833333333333335,40.0,60.0,24 inch bins
10,BIG MACK TYPE,55.0,2.2916666666666665,50.0,60.0,24 inch bins
10,BIG MACK TYPE,55.0,2.2916666666666665,50.0,60.0,24 inch bins
10,BIG MACK TYPE,55.0,2.2916666666666665,50.0,60.0,24 inch bins
9,BIG MACK TYPE,50.0,2.0833333333333335,50.0,50.0,24 inch bins
9,BIG MACK TYPE,50.0,2.0833333333333335,50.0,50.0,24 inch bins
9,MIXED HEIRLOOM VARIETIES,200.0,8.333333333333334,160.0,240.0,24 inch bins
9,MIXED HEIRLOOM VARIETIES,240.0,10.0,240.0,240.0,24 inch bins
9,MIXED HEIRLOOM VARIETIES,240.0,10.0,240.0,240.0,24 inch bins
9,HOWDEN TYPE,147.375,6.140625,140.0,154.75,24 inch bins
9,HOWDEN TYPE,149.875,6.244791666666667,145.0,154.75,24 inch bins
9,HOWDEN TYPE,152.375,6.348958333333333,150.0,154.75,24 inch bins
9,HOWDEN TYPE,150.0,6.25,150.0,150.0,24 inch bins
10,HOWDEN TYPE,147.375,6.140625,140.0,154.75,24 inch bins
10,HOWDEN TYPE,149.875,6.244791666666667,145.0,154.75,24 inch bins
10,HOWDEN TYPE,152.375,6.348958333333333,150.0,154.75,24 inch bins
10,HOWDEN TYPE,150.0,6.25,150.0,150.0,24 inch bins
10,HOWDEN TYPE,147.375,6.140625,140.0,154.75,24 inch bins
10,HOWDEN TYPE,149.875,6.244791666666667,145.0,154.75,24 inch bins
10,HOWDEN TYPE,152.375,6.348958333333333,150.0,154.75,24 inch bins
10,HOWDEN TYPE,150.0,6.25,150.0,150.0,24 inch bins
10,HOWDEN TYPE,142.5,5.9375,140.0,145.0,24 inch bins
10,HOWDEN TYPE,147.375,6.140625,140.0,154.75,24 inch bins
10,HOWDEN TYPE,149.875,6.244791666666667,145.0,154.75,24 inch bins
10,HOWDEN TYPE,152.375,6.348958333333333,150.0,154.75,24 inch bins
10,HOWDEN TYPE,150.0,6.25,150.0,150.0,24 inch bins
10,HOWDEN TYPE,142.5,5.9375,140.0,145.0,24 inch bins
10,HOWDEN TYPE,147.375,6.140625,140.0,154.75,24 inch bins
10,HOWDEN TYPE,149.875,6.244791666666667,145.0,154.75,24 inch bins
10,HOWDEN TYPE,152.375,6.348958333333333,150.0,154.75,24 inch bins
10,HOWDEN TYPE,150.0,6.25,150.0,150.0,24 inch bins
10,HOWDEN TYPE,142.5,5.9375,140.0,145.0,24 inch bins
10,HOWDEN TYPE,147.375,6.140625,140.0,154.75,24 inch bins
10,HOWDEN TYPE,149.875,6.244791666666667,145.0,154.75,24 inch bins
10,HOWDEN TYPE,152.375,6.348958333333333,150.0,154.75,24 inch bins
10,HOWDEN TYPE,150.0,6.25,150.0,150.0,24 inch bins
11,HOWDEN TYPE,142.5,5.9375,140.0,145.0,24 inch bins
11,HOWDEN TYPE,147.375,6.140625,140.0,154.75,24 inch bins
11,HOWDEN TYPE,149.875,6.244791666666667,145.0,154.75,24 inch bins
11,HOWDEN TYPE,152.375,6.348958333333333,150.0,154.75,24 inch bins
11,HOWDEN TYPE,150.0,6.25,150.0,150.0,24 inch bins
9,HOWDEN TYPE,150.0,4.166666666666667,150.0,150.0,36 inch bins
9,HOWDEN TYPE,142.5,3.9583333333333335,140.0,145.0,36 inch bins
9,HOWDEN TYPE,140.0,3.888888888888889,140.0,140.0,36 inch bins
9,PIE TYPE,135.0,5.625,135.0,135.0,24 inch bins
10,PIE TYPE,135.0,5.625,135.0,135.0,24 inch bins
10,PIE TYPE,135.0,5.625,135.0,135.0,24 inch bins
10,PIE TYPE,135.0,5.625,135.0,135.0,24 inch bins
10,PIE TYPE,135.0,5.625,135.0,135.0,24 inch bins
10,PIE TYPE,135.0,5.625,135.0,135.0,24 inch bins
11,PIE TYPE,129.25,5.385416666666667,123.5,135.0,24 inch bins
11,PIE TYPE,129.25,5.385416666666667,123.5,135.0,24 inch bins
11,PIE TYPE,129.25,5.385416666666667,123.5,135.0,24 inch bins
11,PIE TYPE,129.25,5.385416666666667,123.5,135.0,24 inch bins
9,PIE TYPE,248.0,6.888888888888889,210.0,286.0,36 inch bins
10,PIE TYPE,248.0,6.888888888888889,210.0,286.0,36 inch bins
10,PIE TYPE,248.0,6.888888888888889,210.0,286.0,36 inch bins
10,PIE TYPE,248.0,6.888888888888889,210.0,286.0,36 inch bins
10,PIE TYPE,248.0,6.888888888888889,210.0,286.0,36 inch bins
10,PIE TYPE,248.0,6.888888888888889,210.0,286.0,36 inch bins
11,PIE TYPE,248.0,6.888888888888889,210.0,286.0,36 inch bins
9,HOWDEN TYPE,180.0,5.0,160.0,200.0,36 inch bins
9,HOWDEN TYPE,180.0,5.0,160.0,200.0,36 inch bins
9,HOWDEN TYPE,180.0,5.0,160.0,200.0,36 inch bins
9,HOWDEN TYPE,180.0,5.0,160.0,200.0,36 inch bins
9,HOWDEN TYPE,170.0,4.722222222222222,160.0,180.0,36 inch bins
9,HOWDEN TYPE,170.0,4.722222222222222,160.0,180.0,36 inch bins
9,HOWDEN TYPE,150.0,4.166666666666667,140.0,160.0,36 inch bins
9,HOWDEN TYPE,150.0,4.166666666666667,140.0,160.0,36 inch bins
9,HOWDEN TYPE,150.0,4.166666666666667,140.0,160.0,36 inch bins
9,HOWDEN TYPE,212.5,5.902777777777778,200.0,225.0,36 inch bins
9,HOWDEN TYPE,202.5,5.625,180.0,225.0,36 inch bins
9,HOWDEN TYPE,202.5,5.625,180.0,225.0,36 inch bins
9,HOWDEN TYPE,202.5,5.625,180.0,225.0,36 inch bins
9,HOWDEN TYPE,202.5,5.625,180.0,225.0,36 inch bins
9,HOWDEN TYPE,202.5,5.625,180.0,225.0,36 inch bins
9,HOWDEN TYPE,175.0,4.861111111111111,170.0,180.0,36 inch bins
9,HOWDEN TYPE,175.0,4.861111111111111,170.0,180.0,36 inch bins
9,HOWDEN TYPE,150.0,4.166666666666667,140.0,160.0,36 inch bins
9,HOWDEN TYPE,150.0,4.166666666666667,140.0,160.0,36 inch bins
10,HOWDEN TYPE,180.0,5.0,160.0,200.0,36 inch bins
10,HOWDEN TYPE,180.0,5.0,160.0,200.0,36 inch bins
10,HOWDEN TYPE,180.0,5.0,160.0,200.0,36 inch bins
10,HOWDEN TYPE,180.0,5.0,160.0,200.0,36 inch bins
10,HOWDEN TYPE,170.0,4.722222222222222,160.0,180.0,36 inch bins
10,HOWDEN TYPE,170.0,4.722222222222222,160.0,180.0,36 inch bins
10,HOWDEN TYPE,150.0,4.166666666666667,140.0,160.0,36 inch bins
10,HOWDEN TYPE,150.0,4.166666666666667,140.0,160.0,36 inch bins
10,HOWDEN TYPE,150.0,4.166666666666667,140.0,160.0,36 inch bins
10,HOWDEN TYPE,212.5,5.902777777777778,200.0,225.0,36 inch bins
10,HOWDEN TYPE,202.5,5.625,180.0,225.0,36 inch bins
10,HOWDEN TYPE,202.5,5.625,180.0,225.0,36 inch bins
10,HOWDEN TYPE,202.5,5.625,180.0,225.0,36 inch bins
10,HOWDEN TYPE,202.5,5.625,180.0,225.0,36 inch bins
10,HOWDEN TYPE,202.5,5.625,180.0,225.0,36 inch bins
10,HOWDEN TYPE,175.0,4.861111111111111,170.0,180.0,36 inch bins
10,HOWDEN TYPE,175.0,4.861111111111111,170.0,180.0,36 inch bins
10,HOWDEN TYPE,150.0,4.166666666666667,140.0,160.0,36 inch bins
10,HOWDEN TYPE,150.0,4.166666666666667,140.0,160.0,36 inch bins
10,HOWDEN TYPE,180.0,5.0,160.0,200.0,36 inch bins
10,HOWDEN TYPE,180.0,5.0,160.0,200.0,36 inch bins
10,HOWDEN TYPE,180.0,5.0,160.0,200.0,36 inch bins
10,HOWDEN TYPE,180.0,5.0,160.0,200.0,36 inch bins
10,HOWDEN TYPE,170.0,4.722222222222222,160.0,180.0,36 inch bins
10,HOWDEN TYPE,170.0,4.722222222222222,160.0,180.0,36 inch bins
10,HOWDEN TYPE,150.0,4.166666666666667,140.0,160.0,36 inch bins
10,HOWDEN TYPE,150.0,4.166666666666667,140.0,160.0,36 inch bins
10,HOWDEN TYPE,150.0,4.166666666666667,140.0,160.0,36 inch bins
10,HOWDEN TYPE,212.5,5.902777777777778,200.0,225.0,36 inch bins
10,HOWDEN TYPE,202.5,5.625,180.0,225.0,36 inch bins
10,HOWDEN TYPE,202.5,5.625,180.0,225.0,36 inch bins
10,HOWDEN TYPE,202.5,5.625,180.0,225.0,36 inch bins
10,HOWDEN TYPE,202.5,5.625,180.0,225.0,36 inch bins
10,HOWDEN TYPE,202.5,5.625,180.0,225.0,36 inch bins
10,HOWDEN TYPE,175.0,4.861111111111111,170.0,180.0,36 inch bins
10,HOWDEN TYPE,175.0,4.861111111111111,170.0,180.0,36 inch bins
10,HOWDEN TYPE,150.0,4.166666666666667,140.0,160.0,36 inch bins
10,HOWDEN TYPE,150.0,4.166666666666667,140.0,160.0,36 inch bins
10,HOWDEN TYPE,180.0,5.0,160.0,200.0,36 inch bins
10,HOWDEN TYPE,180.0,5.0,160.0,200.0,36 inch bins
10,HOWDEN TYPE,180.0,5.0,160.0,200.0,36 inch bins
10,HOWDEN TYPE,180.0,5.0,160.0,200.0,36 inch bins
10,HOWDEN TYPE,170.0,4.722222222222222,160.0,180.0,36 inch bins
10,HOWDEN TYPE,170.0,4.722222222222222,160.0,180.0,36 inch bins
10,HOWDEN TYPE,150.0,4.166666666666667,140.0,160.0,36 inch bins
10,HOWDEN TYPE,150.0,4.166666666666667,140.0,160.0,36 inch bins
10,HOWDEN TYPE,150.0,4.166666666666667,140.0,160.0,36 inch bins
10,HOWDEN TYPE,212.5,5.902777777777778,200.0,225.0,36 inch bins
10,HOWDEN TYPE,202.5,5.625,180.0,225.0,36 inch bins
10,HOWDEN TYPE,202.5,5.625,180.0,225.0,36 inch bins
10,HOWDEN TYPE,202.5,5.625,180.0,225.0,36 inch bins
10,HOWDEN TYPE,202.5,5.625,180.0,225.0,36 inch bins
10,HOWDEN TYPE,202.5,5.625,180.0,225.0,36 inch bins
10,HOWDEN TYPE,175.0,4.861111111111111,170.0,180.0,36 inch bins
10,HOWDEN TYPE,175.0,4.861111111111111,170.0,180.0,36 inch bins
10,HOWDEN TYPE,150.0,4.166666666666667,140.0,160.0,36 inch bins
10,HOWDEN TYPE,150.0,4.166666666666667,140.0,160.0,36 inch bins
10,HOWDEN TYPE,175.0,4.861111111111111,150.0,200.0,36 inch bins
10,HOWDEN TYPE,180.0,5.0,160.0,200.0,36 inch bins
10,HOWDEN TYPE,175.0,4.861111111111111,150.0,200.0,36 inch bins
10,HOWDEN TYPE,180.0,5.0,160.0,200.0,36 inch bins
10,HOWDEN TYPE,170.0,4.722222222222222,160.0,180.0,36 inch bins
10,HOWDEN TYPE,165.0,4.583333333333333,150.0,180.0,36 inch bins
10,HOWDEN TYPE,150.0,4.166666666666667,140.0,160.0,36 inch bins
10,HOWDEN TYPE,150.0,4.166666666666667,140.0,160.0,36 inch bins
10,HOWDEN TYPE,145.0,4.027777777777778,130.0,160.0,36 inch bins
10,HOWDEN TYPE,210.0,5.833333333333333,195.0,225.0,36 inch bins
10,HOWDEN TYPE,202.5,5.625,180.0,225.0,36 inch bins
10,HOWDEN TYPE,202.5,5.625,180.0,225.0,36 inch bins
10,HOWDEN TYPE,202.5,5.625,180.0,225.0,36 inch bins
10,HOWDEN TYPE,202.5,5.625,180.0,225.0,36 inch bins
10,HOWDEN TYPE,200.0,5.555555555555555,175.0,225.0,36 inch bins
10,HOWDEN TYPE,175.0,4.861111111111111,170.0,180.0,36 inch bins
10,HOWDEN TYPE,170.0,4.722222222222222,160.0,180.0,36 inch bins
10,HOWDEN TYPE,150.0,4.166666666666667,140.0,160.0,36 inch bins
10,HOWDEN TYPE,150.0,4.166666666666667,140.0,160.0,36 inch bins
10,HOWDEN TYPE,175.0,4.861111111111111,150.0,200.0,36 inch bins
10,HOWDEN TYPE,180.0,5.0,160.0,200.0,36 inch bins
10,HOWDEN TYPE,180.0,5.0,160.0,200.0,36 inch bins
10,HOWDEN TYPE,175.0,4.861111111111111,150.0,200.0,36 inch bins
10,HOWDEN TYPE,165.0,4.583333333333333,150.0,180.0,36 inch bins
10,HOWDEN TYPE,170.0,4.722222222222222,160.0,180.0,36 inch bins
10,HOWDEN TYPE,150.0,4.166666666666667,140.0,160.0,36 inch bins
10,HOWDEN TYPE,150.0,4.166666666666667,140.0,160.0,36 inch bins
10,HOWDEN TYPE,145.0,4.027777777777778,130.0,160.0,36 inch bins
10,HOWDEN TYPE,202.5,5.625,180.0,225.0,36 inch bins
10,HOWDEN TYPE,197.5,5.486111111111111,170.0,225.0,36 inch bins
10,HOWDEN TYPE,197.5,5.486111111111111,170.0,225.0,36 inch bins
10,HOWDEN TYPE,192.5,5.347222222222222,160.0,225.0,36 inch bins
10,HOWDEN TYPE,192.5,5.347222222222222,160.0,225.0,36 inch bins
10,HOWDEN TYPE,187.5,5.208333333333333,150.0,225.0,36 inch bins
10,HOWDEN TYPE,170.0,4.722222222222222,160.0,180.0,36 inch bins
10,HOWDEN TYPE,165.0,4.583333333333333,150.0,180.0,36 inch bins
10,HOWDEN TYPE,150.0,4.166666666666667,140.0,160.0,36 inch bins
10,HOWDEN TYPE,150.0,4.166666666666667,140.0,160.0,36 inch bins
11,HOWDEN TYPE,202.5,5.625,180.0,225.0,36 inch bins
11,HOWDEN TYPE,197.5,5.486111111111111,170.0,225.0,36 inch bins
11,HOWDEN TYPE,197.5,5.486111111111111,170.0,225.0,36 inch bins
11,HOWDEN TYPE,192.5,5.347222222222222,160.0,225.0,36 inch bins
11,HOWDEN TYPE,192.5,5.347222222222222,160.0,225.0,36 inch bins
11,HOWDEN TYPE,187.5,5.208333333333333,150.0,225.0,36 inch bins
9,HOWDEN TYPE,212.5,5.902777777777778,200.0,225.0,36 inch bins
9,HOWDEN TYPE,187.5,5.208333333333333,175.0,200.0,36 inch bins
9,HOWDEN TYPE,187.5,5.208333333333333,175.0,200.0,36 inch bins
9,HOWDEN TYPE,212.5,5.902777777777778,200.0,225.0,36 inch bins
9,HOWDEN TYPE,187.5,5.208333333333333,175.0,200.0,36 inch bins
9,HOWDEN TYPE,187.5,5.208333333333333,175.0,200.0,36 inch bins
9,HOWDEN TYPE,212.5,5.902777777777778,200.0,225.0,36 inch bins
9,HOWDEN TYPE,187.5,5.208333333333333,175.0,200.0,36 inch bins
9,HOWDEN TYPE,187.5,5.208333333333333,175.0,200.0,36 inch bins
9,HOWDEN TYPE,212.5,5.902777777777778,200.0,225.0,36 inch bins
9,HOWDEN TYPE,187.5,5.208333333333333,175.0,200.0,36 inch bins
9,HOWDEN TYPE,187.5,5.208333333333333,175.0,200.0,36 inch bins
9,CINDERELLA,272.5,11.354166666666666,260.0,285.0,24 inch bins
9,CINDERELLA,272.5,11.354166666666666,260.0,285.0,24 inch bins
10,CINDERELLA,272.5,11.354166666666666,260.0,285.0,24 inch bins
10,CINDERELLA,272.5,11.354166666666666,260.0,285.0,24 inch bins
10,CINDERELLA,272.5,11.354166666666666,260.0,285.0,24 inch bins
10,CINDERELLA,272.5,11.354166666666666,260.0,285.0,24 inch bins
10,CINDERELLA,272.5,11.354166666666666,260.0,285.0,24 inch bins
10,CINDERELLA,272.5,11.354166666666666,260.0,285.0,24 inch bins
10,CINDERELLA,272.5,11.354166666666666,260.0,285.0,24 inch bins
10,CINDERELLA,272.5,11.354166666666666,260.0,285.0,24 inch bins
10,CINDERELLA,272.5,11.354166666666666,260.0,285.0,24 inch bins
10,CINDERELLA,272.5,11.354166666666666,260.0,285.0,24 inch bins
11,CINDERELLA,272.5,11.354166666666666,260.0,285.0,24 inch bins
11,CINDERELLA,272.5,11.354166666666666,260.0,285.0,24 inch bins
9,FAIRYTALE,272.5,11.354166666666666,260.0,285.0,24 inch bins
9,FAIRYTALE,272.5,11.354166666666666,260.0,285.0,24 inch bins
10,FAIRYTALE,272.5,11.354166666666666,260.0,285.0,24 inch bins
10,FAIRYTALE,272.5,11.354166666666666,260.0,285.0,24 inch bins
10,FAIRYTALE,272.5,11.354166666666666,260.0,285.0,24 inch bins
10,FAIRYTALE,272.5,11.354166666666666,260.0,285.0,24 inch bins
10,FAIRYTALE,272.5,11.354166666666666,260.0,285.0,24 inch bins
10,FAIRYTALE,272.5,11.354166666666666,260.0,285.0,24 inch bins
10,FAIRYTALE,272.5,11.354166666666666,260.0,285.0,24 inch bins
10,FAIRYTALE,272.5,11.354166666666666,260.0,285.0,24 inch bins
10,FAIRYTALE,272.5,11.354166666666666,260.0,285.0,24 inch bins
10,FAIRYTALE,272.5,11.354166666666666,260.0,285.0,24 inch bins
11,FAIRYTALE,272.5,11.354166666666666,260.0,285.0,24 inch bins
11,FAIRYTALE,272.5,11.354166666666666,260.0,285.0,24 inch bins
9,PIE TYPE,177.5,7.395833333333333,175.0,180.0,24 inch bins
9,PIE TYPE,175.0,7.291666666666667,170.0,180.0,24 inch bins
10,PIE TYPE,177.5,7.395833333333333,175.0,180.0,24 inch bins
10,PIE TYPE,200.0,8.333333333333334,200.0,200.0,24 inch bins
10,PIE TYPE,175.0,7.291666666666667,170.0,180.0,24 inch bins
10,PIE TYPE,177.5,7.395833333333333,175.0,180.0,24 inch bins
10,PIE TYPE,200.0,8.333333333333334,200.0,200.0,24 inch bins
10,PIE TYPE,175.0,7.291666666666667,170.0,180.0,24 inch bins
10,PIE TYPE,177.5,7.395833333333333,175.0,180.0,24 inch bins
10,PIE TYPE,195.0,8.125,190.0,200.0,24 inch bins
10,PIE TYPE,175.0,7.291666666666667,170.0,180.0,24 inch bins
10,PIE TYPE,175.0,7.291666666666667,175.0,175.0,24 inch bins
10,PIE TYPE,175.0,7.291666666666667,170.0,180.0,24 inch bins
10,PIE TYPE,162.5,6.770833333333333,150.0,175.0,24 inch bins
10,PIE TYPE,187.5,7.8125,175.0,200.0,24 inch bins
10,PIE TYPE,175.0,7.291666666666667,170.0,180.0,24 inch bins
10,PIE TYPE,175.0,7.291666666666667,175.0,175.0,24 inch bins
10,PIE TYPE,175.0,7.291666666666667,170.0,180.0,24 inch bins
10,PIE TYPE,162.5,6.770833333333333,150.0,175.0,24 inch bins
10,PIE TYPE,187.5,7.8125,175.0,200.0,24 inch bins
10,PIE TYPE,175.0,7.291666666666667,170.0,180.0,24 inch bins
10,PIE TYPE,175.0,7.291666666666667,175.0,175.0,24 inch bins
11,PIE TYPE,142.5,5.9375,135.0,150.0,24 inch bins
11,PIE TYPE,142.5,5.9375,135.0,150.0,24 inch bins
11,PIE TYPE,142.5,5.9375,135.0,150.0,24 inch bins
9,PIE TYPE,195.0,5.416666666666667,170.0,220.0,36 inch bins
9,PIE TYPE,275.0,7.638888888888889,250.0,300.0,36 inch bins
9,PIE TYPE,210.0,5.833333333333333,200.0,220.0,36 inch bins
9,PIE TYPE,270.0,7.5,260.0,280.0,36 inch bins
9,PIE TYPE,202.5,5.625,180.0,225.0,36 inch bins
9,PIE TYPE,202.5,5.625,180.0,225.0,36 inch bins
10,PIE TYPE,195.0,5.416666666666667,170.0,220.0,36 inch bins
10,PIE TYPE,275.0,7.638888888888889,250.0,300.0,36 inch bins
10,PIE TYPE,210.0,5.833333333333333,200.0,220.0,36 inch bins
10,PIE TYPE,265.0,7.361111111111111,250.0,280.0,36 inch bins
10,PIE TYPE,202.5,5.625,180.0,225.0,36 inch bins
10,PIE TYPE,202.5,5.625,180.0,225.0,36 inch bins
10,PIE TYPE,195.0,5.416666666666667,170.0,220.0,36 inch bins
10,PIE TYPE,275.0,7.638888888888889,250.0,300.0,36 inch bins
10,PIE TYPE,210.0,5.833333333333333,200.0,220.0,36 inch bins
10,PIE TYPE,265.0,7.361111111111111,250.0,280.0,36 inch bins
10,PIE TYPE,202.5,5.625,180.0,225.0,36 inch bins
10,PIE TYPE,202.5,5.625,180.0,225.0,36 inch bins
10,PIE TYPE,195.0,5.416666666666667,170.0,220.0,36 inch bins
10,PIE TYPE,275.0,7.638888888888889,250.0,300.0,36 inch bins
10,PIE TYPE,210.0,5.833333333333333,200.0,220.0,36 inch bins
10,PIE TYPE,265.0,7.361111111111111,250.0,280.0,36 inch bins
10,PIE TYPE,202.5,5.625,180.0,225.0,36 inch bins
10,PIE TYPE,202.5,5.625,180.0,225.0,36 inch bins
10,PIE TYPE,220.0,6.111111111111111,220.0,220.0,36 inch bins
10,PIE TYPE,195.0,5.416666666666667,170.0,220.0,36 inch bins
10,PIE TYPE,275.0,7.638888888888889,250.0,300.0,36 inch bins
10,PIE TYPE,220.0,6.111111111111111,200.0,240.0,36 inch bins
10,PIE TYPE,265.0,7.361111111111111,250.0,280.0,36 inch bins
10,PIE TYPE,202.5,5.625,180.0,225.0,36 inch bins
10,PIE TYPE,200.0,5.555555555555555,175.0,225.0,36 inch bins
10,PIE TYPE,210.0,5.833333333333333,200.0,220.0,36 inch bins
10,PIE TYPE,195.0,5.416666666666667,170.0,220.0,36 inch bins
10,PIE TYPE,275.0,7.638888888888889,250.0,300.0,36 inch bins
10,PIE TYPE,220.0,6.111111111111111,200.0,240.0,36 inch bins
10,PIE TYPE,265.0,7.361111111111111,250.0,280.0,36 inch bins
10,PIE TYPE,202.5,5.625,180.0,225.0,36 inch bins
10,PIE TYPE,200.0,5.555555555555555,175.0,225.0,36 inch bins
10,PIE TYPE,210.0,5.833333333333333,200.0,220.0,36 inch bins
11,PIE TYPE,270.0,7.5,240.0,300.0,36 inch bins
11,PIE TYPE,215.0,5.972222222222222,190.0,240.0,36 inch bins
11,PIE TYPE,240.0,6.666666666666667,240.0,240.0,36 inch bins
11,PIE TYPE,190.0,5.277777777777778,190.0,190.0,36 inch bins
11,PIE TYPE,220.0,6.111111111111111,200.0,240.0,36 inch bins
11,PIE TYPE,220.0,6.111111111111111,200.0,240.0,36 inch bins
11,PIE TYPE,220.0,6.111111111111111,200.0,240.0,36 inch bins
11,PIE TYPE,210.0,5.833333333333333,200.0,220.0,36 inch bins
11,PIE TYPE,210.0,5.833333333333333,200.0,220.0,36 inch bins
11,PIE TYPE,210.0,5.833333333333333,200.0,220.0,36 inch bins
11,PIE TYPE,210.0,5.833333333333333,200.0,220.0,36 inch bins
11,PIE TYPE,210.0,5.833333333333333,200.0,220.0,36 inch bins
11,PIE TYPE,210.0,5.833333333333333,200.0,220.0,36 inch bins
9,PIE TYPE,300.0,8.333333333333334,300.0,300.0,36 inch bins
9,PIE TYPE,300.0,8.333333333333334,300.0,300.0,36 inch bins
9,PIE TYPE,200.0,5.555555555555555,200.0,200.0,36 inch bins
9,PIE TYPE,285.0,7.916666666666667,270.0,300.0,36 inch bins
9,PIE TYPE,285.0,7.916666666666667,270.0,300.0,36 inch bins
9,PIE TYPE,285.0,7.916666666666667,270.0,300.0,36 inch bins
9,PIE TYPE,285.0,7.916666666666667,270.0,300.0,36 inch bins
9,PIE TYPE,285.0,7.916666666666667,270.0,300.0,36 inch bins
9,PIE TYPE,285.0,7.916666666666667,270.0,300.0,36 inch bins
9,PIE TYPE,285.0,7.916666666666667,270.0,300.0,36 inch bins
9,PIE TYPE,285.0,7.916666666666667,270.0,300.0,36 inch bins
9,PIE TYPE,285.0,7.916666666666667,270.0,300.0,36 inch bins
9,BLUE TYPE,272.5,11.354166666666666,260.0,285.0,24 inch bins
10,BLUE TYPE,272.5,11.354166666666666,260.0,285.0,24 inch bins
10,BLUE TYPE,272.5,11.354166666666666,260.0,285.0,24 inch bins
10,BLUE TYPE,272.5,11.354166666666666,260.0,285.0,24 inch bins
10,BLUE TYPE,272.5,11.354166666666666,260.0,285.0,24 inch bins
10,BLUE TYPE,272.5,11.354166666666666,260.0,285.0,24 inch bins
11,BLUE TYPE,272.5,11.354166666666666,260.0,285.0,24 inch bins
9,KNUCKLE HEAD,272.5,11.354166666666666,260.0,285.0,24 inch bins
10,KNUCKLE HEAD,272.5,11.354166666666666,260.0,285.0,24 inch bins
10,KNUCKLE HEAD,272.5,11.354166666666666,260.0,285.0,24 inch bins
10,KNUCKLE HEAD,272.5,11.354166666666666,260.0,285.0,24 inch bins
10,KNUCKLE HEAD,272.5,11.354166666666666,260.0,285.0,24 inch bins
10,KNUCKLE HEAD,272.5,11.354166666666666,260.0,285.0,24 inch bins
11,KNUCKLE HEAD,272.5,11.354166666666666,260.0,285.0,24 inch bins
9,BIG MACK TYPE,272.5,11.354166666666666,260.0,285.0,24 inch bins
10,BIG MACK TYPE,272.5,11.354166666666666,260.0,285.0,24 inch bins
10,BIG MACK TYPE,272.5,11.354166666666666,260.0,285.0,24 inch bins
10,BIG MACK TYPE,272.5,11.354166666666666,260.0,285.0,24 inch bins
10,BIG MACK TYPE,272.5,11.354166666666666,260.0,285.0,24 inch bins
10,BIG MACK TYPE,272.5,11.354166666666666,260.0,285.0,24 inch bins
11,BIG MACK TYPE,272.5,11.354166666666666,260.0,285.0,24 inch bins
9,BIG MACK TYPE,175.0,4.861111111111111,175.0,175.0,36 inch bins
9,BIG MACK TYPE,212.5,5.902777777777778,200.0,225.0,36 inch bins
9,BIG MACK TYPE,187.5,5.208333333333333,175.0,200.0,36 inch bins
9,BIG MACK TYPE,187.5,5.208333333333333,175.0,200.0,36 inch bins
9,BIG MACK TYPE,187.5,5.208333333333333,175.0,200.0,36 inch bins
9,BIG MACK TYPE,187.5,5.208333333333333,175.0,200.0,36 inch bins
9,BIG MACK TYPE,212.5,5.902777777777778,200.0,225.0,36 inch bins
9,BIG MACK TYPE,187.5,5.208333333333333,175.0,200.0,36 inch bins
9,BIG MACK TYPE,212.5,5.902777777777778,200.0,225.0,36 inch bins
9,BIG MACK TYPE,187.5,5.208333333333333,175.0,200.0,36 inch bins
9,BIG MACK TYPE,187.5,5.208333333333333,175.0,200.0,36 inch bins
9,BIG MACK TYPE,187.5,5.208333333333333,175.0,200.0,36 inch bins
9,BIG MACK TYPE,187.5,5.208333333333333,175.0,200.0,36 inch bins
9,BIG MACK TYPE,212.5,5.902777777777778,200.0,225.0,36 inch bins
9,BIG MACK TYPE,187.5,5.208333333333333,175.0,200.0,36 inch bins
9,BIG MACK TYPE,212.5,5.902777777777778,200.0,225.0,36 inch bins
9,BIG MACK TYPE,187.5,5.208333333333333,175.0,200.0,36 inch bins
9,BIG MACK TYPE,187.5,5.208333333333333,175.0,200.0,36 inch bins
9,BIG MACK TYPE,187.5,5.208333333333333,175.0,200.0,36 inch bins
9,BIG MACK TYPE,187.5,5.208333333333333,175.0,200.0,36 inch bins
9,BIG MACK TYPE,212.5,5.902777777777778,200.0,225.0,36 inch bins
9,BIG MACK TYPE,187.5,5.208333333333333,175.0,200.0,36 inch bins
9,HOWDEN TYPE,212.5,8.854166666666666,200.0,225.0,24 inch bins
9,HOWDEN TYPE,210.0,8.75,200.0,220.0,24 inch bins
9,HOWDEN TYPE,212.5,8.854166666666666,200.0,225.0,24 inch bins
9,HOWDEN TYPE,210.0,8.75,200.0,220.0,24 inch bins
9,HOWDEN TYPE,212.5,8.854166666666666,200.0,225.0,24 inch bins
9,HOWDEN TYPE,210.0,8.75,200.0,220.0,24 inch bins
9,HOWDEN TYPE,135.0,3.75,135.0,135.0,36 inch bins
9,HOWDEN TYPE,130.0,3.611111111111111,130.0,130.0,36 inch bins
10,HOWDEN TYPE,132.5,3.6805555555555554,130.0,135.0,36 inch bins
10,HOWDEN TYPE,130.0,3.611111111111111,130.0,130.0,36 inch bins
10,HOWDEN TYPE,130.0,3.611111111111111,130.0,130.0,36 inch bins
10,HOWDEN TYPE,130.0,3.611111111111111,130.0,130.0,36 inch bins
10,HOWDEN TYPE,132.5,3.6805555555555554,130.0,135.0,36 inch bins
10,HOWDEN TYPE,130.0,3.611111111111111,130.0,130.0,36 inch bins
10,HOWDEN TYPE,60.0,1.6666666666666667,60.0,60.0,36 inch bins
10,HOWDEN TYPE,132.5,3.6805555555555554,130.0,135.0,36 inch bins
10,HOWDEN TYPE,130.0,3.611111111111111,130.0,130.0,36 inch bins
10,HOWDEN TYPE,60.0,1.6666666666666667,60.0,60.0,36 inch bins
10,HOWDEN TYPE,130.0,3.611111111111111,125.0,135.0,36 inch bins
10,HOWDEN TYPE,130.0,3.611111111111111,130.0,130.0,36 inch bins
10,HOWDEN TYPE,60.0,1.6666666666666667,60.0,60.0,36 inch bins
11,HOWDEN TYPE,127.5,3.5416666666666665,125.0,130.0,36 inch bins
11,HOWDEN TYPE,130.0,3.611111111111111,130.0,130.0,36 inch bins
11,HOWDEN TYPE,60.0,1.6666666666666667,60.0,60.0,36 inch bins
11,HOWDEN TYPE,127.5,3.5416666666666665,125.0,130.0,36 inch bins
11,HOWDEN TYPE,125.0,3.4722222222222223,120.0,130.0,36 inch bins
11,HOWDEN TYPE,60.0,1.6666666666666667,60.0,60.0,36 inch bins
11,HOWDEN TYPE,127.5,3.5416666666666665,125.0,130.0,36 inch bins
11,HOWDEN TYPE,115.0,3.1944444444444446,100.0,130.0,36 inch bins
11,HOWDEN TYPE,60.0,1.6666666666666667,60.0,60.0,36 inch bins
11,HOWDEN TYPE,125.0,3.4722222222222223,125.0,125.0,36 inch bins
11,HOWDEN TYPE,112.5,3.125,100.0,125.0,36 inch bins
12,HOWDEN TYPE,125.0,3.4722222222222223,125.0,125.0,36 inch bins
12,HOWDEN TYPE,112.5,3.125,100.0,125.0,36 inch bins
12,HOWDEN TYPE,125.0,3.4722222222222223,125.0,125.0,36 inch bins
12,HOWDEN TYPE,112.5,3.125,100.0,125.0,36 inch bins
9,HOWDEN TYPE,170.0,4.722222222222222,170.0,170.0,36 inch bins
9,HOWDEN TYPE,170.0,4.722222222222222,170.0,170.0,36 inch bins
9,HOWDEN WHITE TYPE,200.0,8.333333333333334,200.0,200.0,24 inch bins
9,HOWDEN WHITE TYPE,200.0,8.333333333333334,200.0,200.0,24 inch bins
9,HOWDEN WHITE TYPE,200.0,8.333333333333334,200.0,200.0,24 inch bins
9,HOWDEN WHITE TYPE,200.0,8.333333333333334,200.0,200.0,24 inch bins
9,HOWDEN WHITE TYPE,200.0,8.333333333333334,200.0,200.0,24 inch bins
9,HOWDEN WHITE TYPE,150.0,4.166666666666667,150.0,150.0,36 inch bins
10,HOWDEN WHITE TYPE,150.0,4.166666666666667,150.0,150.0,36 inch bins
10,HOWDEN WHITE TYPE,150.0,4.166666666666667,150.0,150.0,36 inch bins
10,HOWDEN WHITE TYPE,150.0,4.166666666666667,150.0,150.0,36 inch bins
10,HOWDEN WHITE TYPE,150.0,4.166666666666667,150.0,150.0,36 inch bins
10,HOWDEN WHITE TYPE,150.0,4.166666666666667,150.0,150.0,36 inch bins
11,HOWDEN WHITE TYPE,150.0,4.166666666666667,150.0,150.0,36 inch bins
11,HOWDEN WHITE TYPE,150.0,4.166666666666667,150.0,150.0,36 inch bins
9,FAIRYTALE,200.0,5.555555555555555,200.0,200.0,36 inch bins
10,FAIRYTALE,200.0,5.555555555555555,200.0,200.0,36 inch bins
10,FAIRYTALE,200.0,5.555555555555555,200.0,200.0,36 inch bins
10,FAIRYTALE,200.0,5.555555555555555,200.0,200.0,36 inch bins
10,FAIRYTALE,200.0,5.555555555555555,200.0,200.0,36 inch bins
10,FAIRYTALE,200.0,5.555555555555555,200.0,200.0,36 inch bins
11,FAIRYTALE,200.0,5.555555555555555,200.0,200.0,36 inch bins
11,FAIRYTALE,192.5,5.347222222222222,185.0,200.0,36 inch bins
11,FAIRYTALE,185.0,5.138888888888889,185.0,185.0,36 inch bins
11,FAIRYTALE,185.0,5.138888888888889,185.0,185.0,36 inch bins
12,FAIRYTALE,185.0,5.138888888888889,185.0,185.0,36 inch bins
12,FAIRYTALE,185.0,5.138888888888889,185.0,185.0,36 inch bins
12,FAIRYTALE,185.0,5.138888888888889,185.0,185.0,36 inch bins
1,FAIRYTALE,185.0,5.138888888888889,185.0,185.0,36 inch bins
1,FAIRYTALE,185.0,5.138888888888889,185.0,185.0,36 inch bins
1,FAIRYTALE,185.0,5.138888888888889,185.0,185.0,36 inch bins
1,FAIRYTALE,185.0,5.138888888888889,185.0,185.0,36 inch bins
2,FAIRYTALE,217.5,6.041666666666667,210.0,225.0,36 inch bins
2,FAIRYTALE,217.5,6.041666666666667,210.0,225.0,36 inch bins
2,FAIRYTALE,220.0,6.111111111111111,215.0,225.0,36 inch bins
2,FAIRYTALE,212.5,5.902777777777778,210.0,215.0,36 inch bins
3,FAIRYTALE,210.0,5.833333333333333,210.0,210.0,36 inch bins
3,FAIRYTALE,210.0,5.833333333333333,210.0,210.0,36 inch bins
3,FAIRYTALE,210.0,5.833333333333333,210.0,210.0,36 inch bins
3,FAIRYTALE,210.0,5.833333333333333,210.0,210.0,36 inch bins
4,FAIRYTALE,210.0,5.833333333333333,210.0,210.0,36 inch bins
4,FAIRYTALE,210.0,5.833333333333333,210.0,210.0,36 inch bins
4,FAIRYTALE,210.0,5.833333333333333,210.0,210.0,36 inch bins
4,FAIRYTALE,210.0,5.833333333333333,210.0,210.0,36 inch bins
4,FAIRYTALE,210.0,5.833333333333333,210.0,210.0,36 inch bins
5,FAIRYTALE,217.5,6.041666666666667,210.0,225.0,36 inch bins
5,FAIRYTALE,225.0,6.25,225.0,225.0,36 inch bins
5,FAIRYTALE,225.0,6.25,225.0,225.0,36 inch bins
5,FAIRYTALE,225.0,6.25,225.0,225.0,36 inch bins
6,FAIRYTALE,225.0,6.25,225.0,225.0,36 inch bins
6,FAIRYTALE,225.0,6.25,225.0,225.0,36 inch bins
6,FAIRYTALE,225.0,6.25,225.0,225.0,36 inch bins
6,FAIRYTALE,225.0,6.25,225.0,225.0,36 inch bins
7,FAIRYTALE,240.0,6.666666666666667,225.0,255.0,36 inch bins
7,FAIRYTALE,255.0,7.083333333333333,255.0,255.0,36 inch bins
7,FAIRYTALE,255.0,7.083333333333333,255.0,255.0,36 inch bins
7,FAIRYTALE,255.0,7.083333333333333,255.0,255.0,36 inch bins
7,FAIRYTALE,255.0,7.083333333333333,255.0,255.0,36 inch bins
8,FAIRYTALE,255.0,7.083333333333333,255.0,255.0,36 inch bins
8,FAIRYTALE,255.0,7.083333333333333,255.0,255.0,36 inch bins
8,FAIRYTALE,255.0,7.083333333333333,255.0,255.0,36 inch bins
8,FAIRYTALE,255.0,7.083333333333333,255.0,255.0,36 inch bins
8,FAIRYTALE,255.0,7.083333333333333,255.0,255.0,36 inch bins
9,PIE TYPE,200.0,8.333333333333334,200.0,200.0,24 inch bins
10,PIE TYPE,200.0,8.333333333333334,200.0,200.0,24 inch bins
10,PIE TYPE,200.0,8.333333333333334,200.0,200.0,24 inch bins
10,PIE TYPE,210.0,8.75,200.0,220.0,24 inch bins
10,PIE TYPE,180.0,7.5,180.0,180.0,24 inch bins
10,PIE TYPE,210.0,8.75,200.0,220.0,24 inch bins
10,PIE TYPE,180.0,7.5,180.0,180.0,24 inch bins
10,PIE TYPE,200.0,8.333333333333334,200.0,200.0,24 inch bins
10,PIE TYPE,180.0,7.5,180.0,180.0,24 inch bins
11,PIE TYPE,200.0,8.333333333333334,200.0,200.0,24 inch bins
11,PIE TYPE,180.0,7.5,180.0,180.0,24 inch bins
11,PIE TYPE,200.0,8.333333333333334,200.0,200.0,24 inch bins
11,PIE TYPE,180.0,7.5,180.0,180.0,24 inch bins
11,PIE TYPE,200.0,8.333333333333334,200.0,200.0,24 inch bins
11,PIE TYPE,180.0,7.5,180.0,180.0,24 inch bins
11,PIE TYPE,200.0,8.333333333333334,200.0,200.0,24 inch bins
12,PIE TYPE,200.0,8.333333333333334,200.0,200.0,24 inch bins
12,PIE TYPE,200.0,8.333333333333334,200.0,200.0,24 inch bins
9,PIE TYPE,200.0,5.555555555555555,200.0,200.0,36 inch bins
9,PIE TYPE,200.0,5.555555555555555,200.0,200.0,36 inch bins
9,PIE TYPE,207.5,5.763888888888889,200.0,215.0,36 inch bins
9,PIE TYPE,207.5,5.763888888888889,200.0,215.0,36 inch bins
9,PIE TYPE,207.5,5.763888888888889,200.0,215.0,36 inch bins
9,PIE TYPE,207.5,5.763888888888889,200.0,215.0,36 inch bins
9,PIE TYPE,207.5,5.763888888888889,200.0,215.0,36 inch bins
9,PIE TYPE,207.5,5.763888888888889,200.0,215.0,36 inch bins
9,PIE TYPE,175.0,4.861111111111111,175.0,175.0,36 inch bins
9,PIE TYPE,200.0,5.555555555555555,200.0,200.0,36 inch bins
9,PIE TYPE,207.5,5.763888888888889,200.0,215.0,36 inch bins
9,PIE TYPE,207.5,5.763888888888889,200.0,215.0,36 inch bins
9,PIE TYPE,175.0,4.861111111111111,175.0,175.0,36 inch bins
9,MIXED HEIRLOOM VARIETIES,225.0,6.25,225.0,225.0,36 inch bins
10,MIXED HEIRLOOM VARIETIES,200.0,5.555555555555555,175.0,225.0,36 inch bins
10,MIXED HEIRLOOM VARIETIES,175.0,4.861111111111111,175.0,175.0,36 inch bins
10,MIXED HEIRLOOM VARIETIES,175.0,4.861111111111111,175.0,175.0,36 inch bins
10,MIXED HEIRLOOM VARIETIES,175.0,4.861111111111111,175.0,175.0,36 inch bins
10,MIXED HEIRLOOM VARIETIES,175.0,4.861111111111111,175.0,175.0,36 inch bins
11,MIXED HEIRLOOM VARIETIES,175.0,4.861111111111111,175.0,175.0,36 inch bins
11,MIXED HEIRLOOM VARIETIES,175.0,4.861111111111111,175.0,175.0,36 inch bins
11,MIXED HEIRLOOM VARIETIES,175.0,4.861111111111111,175.0,175.0,36 inch bins
10,HOWDEN TYPE,120.0,5.0,120.0,120.0,24 inch bins
10,HOWDEN TYPE,120.0,5.0,120.0,120.0,24 inch bins
10,HOWDEN TYPE,120.0,5.0,120.0,120.0,24 inch bins
9,HOWDEN TYPE,150.0,4.166666666666667,150.0,150.0,36 inch bins
9,HOWDEN TYPE,160.0,4.444444444444445,160.0,160.0,36 inch bins
9,HOWDEN TYPE,145.0,4.027777777777778,140.0,150.0,36 inch bins
9,HOWDEN TYPE,140.0,3.888888888888889,140.0,140.0,36 inch bins
9,HOWDEN TYPE,200.0,5.555555555555555,200.0,200.0,36 inch bins
9,HOWDEN TYPE,175.0,4.861111111111111,175.0,175.0,36 inch bins
9,HOWDEN TYPE,150.0,4.166666666666667,150.0,150.0,36 inch bins
9,HOWDEN TYPE,150.0,4.166666666666667,150.0,150.0,36 inch bins
9,HOWDEN TYPE,140.0,3.888888888888889,140.0,140.0,36 inch bins
9,HOWDEN TYPE,140.0,3.888888888888889,140.0,140.0,36 inch bins
10,HOWDEN TYPE,150.0,4.166666666666667,150.0,150.0,36 inch bins
10,HOWDEN TYPE,160.0,4.444444444444445,160.0,160.0,36 inch bins
10,HOWDEN TYPE,145.0,4.027777777777778,140.0,150.0,36 inch bins
10,HOWDEN TYPE,140.0,3.888888888888889,140.0,140.0,36 inch bins
10,HOWDEN TYPE,200.0,5.555555555555555,200.0,200.0,36 inch bins
10,HOWDEN TYPE,165.0,4.583333333333333,165.0,165.0,36 inch bins
10,HOWDEN TYPE,150.0,4.166666666666667,150.0,150.0,36 inch bins
10,HOWDEN TYPE,150.0,4.166666666666667,150.0,150.0,36 inch bins
10,HOWDEN TYPE,125.0,3.4722222222222223,125.0,125.0,36 inch bins
10,HOWDEN TYPE,140.0,3.888888888888889,140.0,140.0,36 inch bins
10,HOWDEN TYPE,140.0,3.888888888888889,140.0,140.0,36 inch bins
10,HOWDEN TYPE,150.0,4.166666666666667,150.0,150.0,36 inch bins
10,HOWDEN TYPE,160.0,4.444444444444445,160.0,160.0,36 inch bins
10,HOWDEN TYPE,145.0,4.027777777777778,140.0,150.0,36 inch bins
10,HOWDEN TYPE,140.0,3.888888888888889,140.0,140.0,36 inch bins
10,HOWDEN TYPE,200.0,5.555555555555555,200.0,200.0,36 inch bins
10,HOWDEN TYPE,165.0,4.583333333333333,165.0,165.0,36 inch bins
10,HOWDEN TYPE,150.0,4.166666666666667,150.0,150.0,36 inch bins
10,HOWDEN TYPE,150.0,4.166666666666667,150.0,150.0,36 inch bins
10,HOWDEN TYPE,125.0,3.4722222222222223,125.0,125.0,36 inch bins
10,HOWDEN TYPE,140.0,3.888888888888889,140.0,140.0,36 inch bins
10,HOWDEN TYPE,140.0,3.888888888888889,140.0,140.0,36 inch bins
10,HOWDEN TYPE,150.0,4.166666666666667,150.0,150.0,36 inch bins
10,HOWDEN TYPE,160.0,4.444444444444445,160.0,160.0,36 inch bins
10,HOWDEN TYPE,145.0,4.027777777777778,140.0,150.0,36 inch bins
10,HOWDEN TYPE,140.0,3.888888888888889,140.0,140.0,36 inch bins
10,HOWDEN TYPE,200.0,5.555555555555555,200.0,200.0,36 inch bins
10,HOWDEN TYPE,177.5,4.930555555555555,165.0,190.0,36 inch bins
10,HOWDEN TYPE,150.0,4.166666666666667,150.0,150.0,36 inch bins
10,HOWDEN TYPE,150.0,4.166666666666667,150.0,150.0,36 inch bins
10,HOWDEN TYPE,125.0,3.4722222222222223,125.0,125.0,36 inch bins
10,HOWDEN TYPE,140.0,3.888888888888889,140.0,140.0,36 inch bins
10,HOWDEN TYPE,140.0,3.888888888888889,140.0,140.0,36 inch bins
10,HOWDEN TYPE,150.0,4.166666666666667,150.0,150.0,36 inch bins
10,HOWDEN TYPE,160.0,4.444444444444445,160.0,160.0,36 inch bins
10,HOWDEN TYPE,145.0,4.027777777777778,140.0,150.0,36 inch bins
10,HOWDEN TYPE,140.0,3.888888888888889,140.0,140.0,36 inch bins
10,HOWDEN TYPE,200.0,5.555555555555555,200.0,200.0,36 inch bins
10,HOWDEN TYPE,190.0,5.277777777777778,190.0,190.0,36 inch bins
10,HOWDEN TYPE,150.0,4.166666666666667,150.0,150.0,36 inch bins
10,HOWDEN TYPE,150.0,4.166666666666667,150.0,150.0,36 inch bins
10,HOWDEN TYPE,125.0,3.4722222222222223,125.0,125.0,36 inch bins
10,HOWDEN TYPE,140.0,3.888888888888889,140.0,140.0,36 inch bins
10,HOWDEN TYPE,140.0,3.888888888888889,140.0,140.0,36 inch bins
10,HOWDEN TYPE,150.0,4.166666666666667,150.0,150.0,36 inch bins
10,HOWDEN TYPE,160.0,4.444444444444445,160.0,160.0,36 inch bins
10,HOWDEN TYPE,145.0,4.027777777777778,140.0,150.0,36 inch bins
10,HOWDEN TYPE,140.0,3.888888888888889,140.0,140.0,36 inch bins
10,HOWDEN TYPE,200.0,5.555555555555555,200.0,200.0,36 inch bins
10,HOWDEN TYPE,190.0,5.277777777777778,190.0,190.0,36 inch bins
10,HOWDEN TYPE,150.0,4.166666666666667,150.0,150.0,36 inch bins
10,HOWDEN TYPE,150.0,4.166666666666667,150.0,150.0,36 inch bins
10,HOWDEN TYPE,125.0,3.4722222222222223,125.0,125.0,36 inch bins
10,HOWDEN TYPE,140.0,3.888888888888889,140.0,140.0,36 inch bins
10,HOWDEN TYPE,140.0,3.888888888888889,140.0,140.0,36 inch bins
9,HOWDEN TYPE,150.0,4.166666666666667,150.0,150.0,36 inch bins
9,HOWDEN TYPE,150.0,4.166666666666667,150.0,150.0,36 inch bins
9,HOWDEN TYPE,150.0,4.166666666666667,150.0,150.0,36 inch bins
9,HOWDEN TYPE,160.0,4.444444444444445,160.0,160.0,36 inch bins
9,HOWDEN TYPE,155.0,4.305555555555555,150.0,160.0,36 inch bins
9,HOWDEN TYPE,150.0,4.166666666666667,150.0,150.0,36 inch bins
9,HOWDEN TYPE,130.0,3.611111111111111,130.0,130.0,36 inch bins
9,HOWDEN TYPE,150.0,4.166666666666667,150.0,150.0,36 inch bins
9,HOWDEN TYPE,150.0,4.166666666666667,150.0,150.0,36 inch bins
9,HOWDEN TYPE,150.0,4.166666666666667,150.0,150.0,36 inch bins
9,HOWDEN TYPE,150.0,4.166666666666667,150.0,150.0,36 inch bins
9,HOWDEN TYPE,160.0,4.444444444444445,160.0,160.0,36 inch bins
9,HOWDEN TYPE,150.0,4.166666666666667,150.0,150.0,36 inch bins
9,HOWDEN TYPE,150.0,4.166666666666667,150.0,150.0,36 inch bins
9,HOWDEN TYPE,130.0,3.611111111111111,130.0,130.0,36 inch bins
9,HOWDEN TYPE,150.0,4.166666666666667,150.0,150.0,36 inch bins
9,HOWDEN TYPE,150.0,4.166666666666667,150.0,150.0,36 inch bins
9,HOWDEN TYPE,150.0,4.166666666666667,150.0,150.0,36 inch bins
9,HOWDEN TYPE,150.0,4.166666666666667,150.0,150.0,36 inch bins
9,HOWDEN TYPE,160.0,4.444444444444445,160.0,160.0,36 inch bins
9,HOWDEN TYPE,150.0,4.166666666666667,150.0,150.0,36 inch bins
9,HOWDEN TYPE,150.0,4.166666666666667,150.0,150.0,36 inch bins
9,HOWDEN TYPE,130.0,3.611111111111111,130.0,130.0,36 inch bins
9,HOWDEN WHITE TYPE,200.0,8.333333333333334,200.0,200.0,24 inch bins
9,HOWDEN WHITE TYPE,200.0,8.333333333333334,200.0,200.0,24 inch bins
9,HOWDEN WHITE TYPE,200.0,8.333333333333334,200.0,200.0,24 inch bins
9,HOWDEN WHITE TYPE,200.0,8.333333333333334,200.0,200.0,24 inch bins
9,HOWDEN WHITE TYPE,200.0,8.333333333333334,200.0,200.0,24 inch bins
9,HOWDEN WHITE TYPE,200.0,8.333333333333334,200.0,200.0,24 inch bins
9,HOWDEN WHITE TYPE,200.0,8.333333333333334,200.0,200.0,24 inch bins
9,HOWDEN WHITE TYPE,200.0,8.333333333333334,200.0,200.0,24 inch bins
9,CINDERELLA,170.0,7.083333333333333,170.0,170.0,24 inch bins
10,CINDERELLA,170.0,7.083333333333333,170.0,170.0,24 inch bins
10,CINDERELLA,175.0,7.291666666666667,175.0,175.0,24 inch bins
10,CINDERELLA,170.0,7.083333333333333,170.0,170.0,24 inch bins
10,CINDERELLA,175.0,7.291666666666667,175.0,175.0,24 inch bins
10,CINDERELLA,170.0,7.083333333333333,170.0,170.0,24 inch bins
10,CINDERELLA,175.0,7.291666666666667,175.0,175.0,24 inch bins
10,CINDERELLA,170.0,7.083333333333333,170.0,170.0,24 inch bins
10,CINDERELLA,175.0,7.291666666666667,175.0,175.0,24 inch bins
10,CINDERELLA,170.0,7.083333333333333,170.0,170.0,24 inch bins
10,CINDERELLA,175.0,7.291666666666667,175.0,175.0,24 inch bins
9,CINDERELLA,160.0,6.666666666666667,160.0,160.0,24 inch bins
9,CINDERELLA,160.0,6.666666666666667,160.0,160.0,24 inch bins
9,CINDERELLA,167.5,6.979166666666667,160.0,175.0,24 inch bins
9,CINDERELLA,175.0,7.291666666666667,175.0,175.0,24 inch bins
9,CINDERELLA,175.0,7.291666666666667,175.0,175.0,24 inch bins
9,FAIRYTALE,170.0,7.083333333333333,170.0,170.0,24 inch bins
10,FAIRYTALE,170.0,7.083333333333333,170.0,170.0,24 inch bins
10,FAIRYTALE,175.0,7.291666666666667,175.0,175.0,24 inch bins
10,FAIRYTALE,170.0,7.083333333333333,170.0,170.0,24 inch bins
10,FAIRYTALE,175.0,7.291666666666667,175.0,175.0,24 inch bins
10,FAIRYTALE,170.0,7.083333333333333,170.0,170.0,24 inch bins
10,FAIRYTALE,175.0,7.291666666666667,175.0,175.0,24 inch bins
10,FAIRYTALE,170.0,7.083333333333333,170.0,170.0,24 inch bins
10,FAIRYTALE,175.0,7.291666666666667,175.0,175.0,24 inch bins
10,FAIRYTALE,170.0,7.083333333333333,170.0,170.0,24 inch bins
10,FAIRYTALE,175.0,7.291666666666667,175.0,175.0,24 inch bins
9,PIE TYPE,250.0,10.416666666666666,250.0,250.0,24 inch bins
9,PIE TYPE,200.0,8.333333333333334,200.0,200.0,24 inch bins
10,PIE TYPE,250.0,10.416666666666666,250.0,250.0,24 inch bins
10,PIE TYPE,225.0,9.375,225.0,225.0,24 inch bins
10,PIE TYPE,185.0,7.708333333333333,185.0,185.0,24 inch bins
10,PIE TYPE,250.0,10.416666666666666,250.0,250.0,24 inch bins
10,PIE TYPE,200.0,8.333333333333334,200.0,200.0,24 inch bins
10,PIE TYPE,250.0,10.416666666666666,250.0,250.0,24 inch bins
10,PIE TYPE,225.0,9.375,225.0,225.0,24 inch bins
10,PIE TYPE,185.0,7.708333333333333,185.0,185.0,24 inch bins
10,PIE TYPE,250.0,10.416666666666666,250.0,250.0,24 inch bins
10,PIE TYPE,200.0,8.333333333333334,200.0,200.0,24 inch bins
10,PIE TYPE,250.0,10.416666666666666,250.0,250.0,24 inch bins
10,PIE TYPE,185.0,7.708333333333333,185.0,185.0,24 inch bins
10,PIE TYPE,225.0,9.375,225.0,225.0,24 inch bins
10,PIE TYPE,250.0,10.416666666666666,250.0,250.0,24 inch bins
10,PIE TYPE,200.0,8.333333333333334,200.0,200.0,24 inch bins
10,PIE TYPE,250.0,10.416666666666666,250.0,250.0,24 inch bins
10,PIE TYPE,225.0,9.375,225.0,225.0,24 inch bins
10,PIE TYPE,185.0,7.708333333333333,185.0,185.0,24 inch bins
10,PIE TYPE,250.0,10.416666666666666,250.0,250.0,24 inch bins
10,PIE TYPE,200.0,8.333333333333334,200.0,200.0,24 inch bins
10,PIE TYPE,250.0,10.416666666666666,250.0,250.0,24 inch bins
10,PIE TYPE,185.0,7.708333333333333,185.0,185.0,24 inch bins
10,PIE TYPE,225.0,9.375,225.0,225.0,24 inch bins
10,PIE TYPE,250.0,10.416666666666666,250.0,250.0,24 inch bins
10,PIE TYPE,200.0,8.333333333333334,200.0,200.0,24 inch bins
9,PIE TYPE,200.0,8.333333333333334,200.0,200.0,24 inch bins
9,PIE TYPE,200.0,8.333333333333334,200.0,200.0,24 inch bins
9,PIE TYPE,200.0,8.333333333333334,200.0,200.0,24 inch bins
9,PIE TYPE,200.0,8.333333333333334,200.0,200.0,24 inch bins
9,PIE TYPE,200.0,8.333333333333334,200.0,200.0,24 inch bins
9,PIE TYPE,200.0,8.333333333333334,200.0,200.0,24 inch bins
9,PIE TYPE,200.0,8.333333333333334,200.0,200.0,24 inch bins
9,PIE TYPE,200.0,8.333333333333334,200.0,200.0,24 inch bins
10,PIE TYPE,200.0,5.555555555555555,200.0,200.0,36 inch bins
10,PIE TYPE,200.0,5.555555555555555,200.0,200.0,36 inch bins
10,PIE TYPE,200.0,5.555555555555555,200.0,200.0,36 inch bins
10,PIE TYPE,200.0,5.555555555555555,200.0,200.0,36 inch bins
10,PIE TYPE,200.0,5.555555555555555,200.0,200.0,36 inch bins
9,BLUE TYPE,200.0,8.333333333333334,200.0,200.0,24 inch bins
10,BLUE TYPE,200.0,8.333333333333334,200.0,200.0,24 inch bins
10,BLUE TYPE,200.0,8.333333333333334,200.0,200.0,24 inch bins
10,BLUE TYPE,200.0,8.333333333333334,200.0,200.0,24 inch bins
10,BLUE TYPE,200.0,8.333333333333334,200.0,200.0,24 inch bins
10,BLUE TYPE,200.0,8.333333333333334,200.0,200.0,24 inch bins
10,BLUE TYPE,200.0,8.333333333333334,200.0,200.0,24 inch bins
10,BLUE TYPE,200.0,8.333333333333334,200.0,200.0,24 inch bins
10,BLUE TYPE,200.0,8.333333333333334,200.0,200.0,24 inch bins
10,BLUE TYPE,200.0,8.333333333333334,200.0,200.0,24 inch bins
10,BLUE TYPE,200.0,8.333333333333334,200.0,200.0,24 inch bins
9,KNUCKLE HEAD,170.0,7.083333333333333,170.0,170.0,24 inch bins
10,KNUCKLE HEAD,170.0,7.083333333333333,170.0,170.0,24 inch bins
10,KNUCKLE HEAD,125.0,5.208333333333333,125.0,125.0,24 inch bins
10,KNUCKLE HEAD,170.0,7.083333333333333,170.0,170.0,24 inch bins
10,KNUCKLE HEAD,125.0,5.208333333333333,125.0,125.0,24 inch bins
10,KNUCKLE HEAD,170.0,7.083333333333333,170.0,170.0,24 inch bins
10,KNUCKLE HEAD,125.0,5.208333333333333,125.0,125.0,24 inch bins
10,KNUCKLE HEAD,170.0,7.083333333333333,170.0,170.0,24 inch bins
10,KNUCKLE HEAD,125.0,5.208333333333333,125.0,125.0,24 inch bins
10,KNUCKLE HEAD,170.0,7.083333333333333,170.0,170.0,24 inch bins
10,KNUCKLE HEAD,125.0,5.208333333333333,125.0,125.0,24 inch bins
9,MIXED HEIRLOOM VARIETIES,200.0,8.333333333333334,200.0,200.0,24 inch bins
10,MIXED HEIRLOOM VARIETIES,200.0,8.333333333333334,200.0,200.0,24 inch bins
10,MIXED HEIRLOOM VARIETIES,200.0,8.333333333333334,200.0,200.0,24 inch bins
10,MIXED HEIRLOOM VARIETIES,200.0,8.333333333333334,200.0,200.0,24 inch bins
10,MIXED HEIRLOOM VARIETIES,200.0,8.333333333333334,200.0,200.0,24 inch bins
10,MIXED HEIRLOOM VARIETIES,200.0,8.333333333333334,200.0,200.0,24 inch bins
9,MIXED HEIRLOOM VARIETIES,200.0,8.333333333333334,200.0,200.0,24 inch bins
9,MIXED HEIRLOOM VARIETIES,200.0,8.333333333333334,200.0,200.0,24 inch bins
9,MIXED HEIRLOOM VARIETIES,200.0,8.333333333333334,200.0,200.0,24 inch bins
9,MIXED HEIRLOOM VARIETIES,200.0,8.333333333333334,200.0,200.0,24 inch bins
9,MIXED HEIRLOOM VARIETIES,200.0,8.333333333333334,200.0,200.0,24 inch bins
9,MIXED HEIRLOOM VARIETIES,200.0,8.333333333333334,200.0,200.0,24 inch bins
9,MINIATURE,400.0,16.666666666666668,400.0,400.0,24 inch bins
9,MINIATURE,400.0,16.666666666666668,400.0,400.0,24 inch bins
9,MINIATURE,400.0,16.666666666666668,400.0,400.0,24 inch bins
9,HOWDEN TYPE,125.0,5.208333333333333,120.0,130.0,24 inch bins
9,HOWDEN TYPE,125.0,5.208333333333333,120.0,130.0,24 inch bins
10,HOWDEN TYPE,125.0,5.208333333333333,120.0,130.0,24 inch bins
10,HOWDEN TYPE,125.0,5.208333333333333,120.0,130.0,24 inch bins
10,HOWDEN TYPE,125.0,5.208333333333333,120.0,130.0,24 inch bins
10,HOWDEN TYPE,125.0,5.208333333333333,120.0,130.0,24 inch bins
10,HOWDEN TYPE,125.0,5.208333333333333,120.0,130.0,24 inch bins
10,HOWDEN TYPE,125.0,5.208333333333333,120.0,130.0,24 inch bins
10,HOWDEN TYPE,125.0,5.208333333333333,120.0,130.0,24 inch bins
10,HOWDEN TYPE,125.0,5.208333333333333,120.0,130.0,24 inch bins
10,HOWDEN TYPE,107.5,4.479166666666667,85.0,130.0,24 inch bins
10,HOWDEN TYPE,107.5,4.479166666666667,85.0,130.0,24 inch bins
11,HOWDEN TYPE,85.0,3.5416666666666665,80.0,90.0,24 inch bins
11,HOWDEN TYPE,85.0,3.5416666666666665,80.0,90.0,24 inch bins
9,HOWDEN TYPE,120.0,3.3333333333333335,120.0,120.0,36 inch bins
9,HOWDEN TYPE,120.0,3.3333333333333335,120.0,120.0,36 inch bins
9,HOWDEN TYPE,122.5,3.4027777777777777,120.0,125.0,36 inch bins
9,HOWDEN TYPE,170.0,4.722222222222222,160.0,180.0,36 inch bins
9,HOWDEN TYPE,235.0,6.527777777777778,235.0,235.0,36 inch bins
9,HOWDEN TYPE,325.0,9.027777777777779,275.0,375.0,36 inch bins
9,HOWDEN WHITE TYPE,0.5,0.013888888888888888,0.5,0.5,36 inch bins
9,HOWDEN WHITE TYPE,0.5,0.013888888888888888,0.5,0.5,36 inch bins
9,HOWDEN WHITE TYPE,0.5,0.013888888888888888,0.5,0.5,36 inch bins
9,HOWDEN WHITE TYPE,250.0,6.944444444444445,250.0,250.0,36 inch bins
9,HOWDEN WHITE TYPE,0.5,0.013888888888888888,0.5,0.5,36 inch bins
8,CINDERELLA,0.3,0.012499999999999999,0.3,0.3,24 inch bins
8,CINDERELLA,0.3,0.012499999999999999,0.3,0.3,24 inch bins
9,CINDERELLA,0.3,0.012499999999999999,0.3,0.3,24 inch bins
9,CINDERELLA,0.3,0.012499999999999999,0.3,0.3,24 inch bins
9,CINDERELLA,0.3,0.008333333333333333,0.3,0.3,36 inch bins
9,CINDERELLA,0.3,0.008333333333333333,0.3,0.3,36 inch bins
9,CINDERELLA,0.3,0.008333333333333333,0.3,0.3,36 inch bins
9,CINDERELLA,0.3,0.008333333333333333,0.3,0.3,36 inch bins
9,CINDERELLA,250.0,6.944444444444445,250.0,250.0,36 inch bins
9,FAIRYTALE,0.24,0.01,0.24,0.24,24 inch bins
10,FAIRYTALE,0.24,0.01,0.24,0.24,24 inch bins
10,FAIRYTALE,0.24,0.01,0.24,0.24,24 inch bins
10,FAIRYTALE,0.24,0.01,0.24,0.24,24 inch bins
10,FAIRYTALE,0.24,0.01,0.24,0.24,24 inch bins
10,FAIRYTALE,0.24,0.01,0.24,0.24,24 inch bins
9,FAIRYTALE,250.0,6.944444444444445,250.0,250.0,36 inch bins
9,BIG MACK TYPE,0.675,0.018750000000000003,0.5,0.85,36 inch bins
9,HOWDEN TYPE,160.0,4.444444444444445,150.0,170.0,36 inch bins
9,HOWDEN TYPE,160.0,4.444444444444445,150.0,170.0,36 inch bins
9,HOWDEN TYPE,140.0,3.888888888888889,130.0,150.0,36 inch bins
9,HOWDEN TYPE,140.0,3.888888888888889,130.0,150.0,36 inch bins
9,HOWDEN TYPE,130.0,3.611111111111111,120.0,140.0,36 inch bins
9,HOWDEN TYPE,160.0,4.444444444444445,150.0,170.0,36 inch bins
9,HOWDEN TYPE,145.0,4.027777777777778,120.0,170.0,36 inch bins
9,HOWDEN TYPE,185.0,5.138888888888889,180.0,190.0,36 inch bins
10,HOWDEN TYPE,160.0,4.444444444444445,150.0,170.0,36 inch bins
10,HOWDEN TYPE,160.0,4.444444444444445,150.0,170.0,36 inch bins
10,HOWDEN TYPE,140.0,3.888888888888889,140.0,140.0,36 inch bins
10,HOWDEN TYPE,140.0,3.888888888888889,140.0,140.0,36 inch bins
10,HOWDEN TYPE,160.0,4.444444444444445,150.0,170.0,36 inch bins
10,HOWDEN TYPE,165.0,4.583333333333333,160.0,170.0,36 inch bins
10,HOWDEN TYPE,170.0,4.722222222222222,160.0,180.0,36 inch bins
10,HOWDEN TYPE,175.0,4.861111111111111,175.0,175.0,36 inch bins
10,HOWDEN TYPE,145.0,4.027777777777778,140.0,150.0,36 inch bins
10,HOWDEN TYPE,160.0,4.444444444444445,160.0,160.0,36 inch bins
10,HOWDEN TYPE,130.0,3.611111111111111,120.0,140.0,36 inch bins
10,HOWDEN TYPE,125.0,3.4722222222222223,120.0,130.0,36 inch bins
10,HOWDEN TYPE,160.0,4.444444444444445,160.0,160.0,36 inch bins
10,HOWDEN TYPE,125.0,3.4722222222222223,120.0,130.0,36 inch bins
10,HOWDEN TYPE,160.0,4.444444444444445,160.0,160.0,36 inch bins
10,HOWDEN TYPE,125.0,3.4722222222222223,120.0,130.0,36 inch bins
10,HOWDEN TYPE,130.0,3.611111111111111,130.0,130.0,36 inch bins
11,HOWDEN TYPE,125.0,3.4722222222222223,100.0,150.0,36 inch bins
9,HOWDEN TYPE,145.0,4.027777777777778,140.0,150.0,36 inch bins
9,HOWDEN TYPE,150.0,4.166666666666667,140.0,160.0,36 inch bins
9,HOWDEN TYPE,150.0,4.166666666666667,150.0,150.0,36 inch bins
9,HOWDEN TYPE,170.0,4.722222222222222,160.0,180.0,36 inch bins
9,HOWDEN TYPE,170.0,4.722222222222222,160.0,180.0,36 inch bins
9,HOWDEN TYPE,145.0,4.027777777777778,140.0,150.0,36 inch bins
9,HOWDEN TYPE,150.0,4.166666666666667,150.0,150.0,36 inch bins
9,HOWDEN TYPE,170.0,4.722222222222222,160.0,180.0,36 inch bins
9,HOWDEN TYPE,170.0,4.722222222222222,160.0,180.0,36 inch bins
9,HOWDEN TYPE,140.0,3.888888888888889,130.0,150.0,36 inch bins
9,HOWDEN TYPE,150.0,4.166666666666667,150.0,150.0,36 inch bins
9,HOWDEN TYPE,160.0,4.444444444444445,140.0,180.0,36 inch bins
9,HOWDEN TYPE,160.0,4.444444444444445,140.0,180.0,36 inch bins
9,PIE TYPE,140.0,5.833333333333333,130.0,150.0,24 inch bins
10,PIE TYPE,135.0,5.625,130.0,140.0,24 inch bins
10,PIE TYPE,130.0,5.416666666666667,120.0,140.0,24 inch bins
10,PIE TYPE,190.0,7.916666666666667,180.0,200.0,24 inch bins
10,PIE TYPE,190.0,7.916666666666667,180.0,200.0,24 inch bins
10,PIE TYPE,125.0,5.208333333333333,120.0,130.0,24 inch bins
10,PIE TYPE,130.0,5.416666666666667,130.0,130.0,24 inch bins
10,PIE TYPE,125.0,5.208333333333333,120.0,130.0,24 inch bins
10,PIE TYPE,130.0,5.416666666666667,130.0,130.0,24 inch bins
10,PIE TYPE,125.0,5.208333333333333,120.0,130.0,24 inch bins
10,PIE TYPE,130.0,5.416666666666667,130.0,130.0,24 inch bins
9,PIE TYPE,250.0,10.416666666666666,250.0,250.0,24 inch bins
9,PIE TYPE,137.5,5.729166666666667,135.0,140.0,24 inch bins
9,PIE TYPE,190.0,7.916666666666667,180.0,200.0,24 inch bins
9,PIE TYPE,135.0,5.625,120.0,150.0,24 inch bins
9,PIE TYPE,140.0,5.833333333333333,140.0,140.0,24 inch bins
9,PIE TYPE,130.0,5.416666666666667,120.0,140.0,24 inch bins
9,PIE TYPE,140.0,5.833333333333333,140.0,140.0,24 inch bins
9,PIE TYPE,130.0,5.416666666666667,120.0,140.0,24 inch bins
9,PIE TYPE,150.0,6.25,150.0,150.0,24 inch bins
9,PIE TYPE,140.0,5.833333333333333,140.0,140.0,24 inch bins
9,PIE TYPE,212.5,5.902777777777778,200.0,225.0,36 inch bins
10,PIE TYPE,212.5,5.902777777777778,200.0,225.0,36 inch bins
10,PIE TYPE,280.0,7.777777777777778,260.0,300.0,36 inch bins
10,PIE TYPE,260.0,7.222222222222222,260.0,260.0,36 inch bins
10,PIE TYPE,220.0,6.111111111111111,220.0,220.0,36 inch bins
10,PIE TYPE,260.0,7.222222222222222,260.0,260.0,36 inch bins
10,PIE TYPE,260.0,7.222222222222222,260.0,260.0,36 inch bins
9,PIE TYPE,200.0,5.555555555555555,200.0,200.0,36 inch bins
9,PIE TYPE,200.0,5.555555555555555,200.0,200.0,36 inch bins
9,PIE TYPE,232.5,6.458333333333333,200.0,265.0,36 inch bins
10,KNUCKLE HEAD,130.0,3.611111111111111,120.0,140.0,36 inch bins
10,MIXED HEIRLOOM VARIETIES,200.0,8.333333333333334,200.0,200.0,24 inch bins
9,HOWDEN TYPE,95.0,3.9583333333333335,95.0,95.0,24 inch bins
9,HOWDEN TYPE,94.5,3.9375,94.0,95.0,24 inch bins
9,HOWDEN TYPE,95.0,3.9583333333333335,95.0,95.0,24 inch bins
9,HOWDEN TYPE,94.5,3.9375,94.0,95.0,24 inch bins
10,HOWDEN WHITE TYPE,100.0,4.166666666666667,100.0,100.0,24 inch bins
10,HOWDEN WHITE TYPE,100.0,4.166666666666667,100.0,100.0,24 inch bins
9,PIE TYPE,150.0,6.25,150.0,150.0,24 inch bins
9,PIE TYPE,175.0,7.291666666666667,175.0,175.0,24 inch bins
10,PIE TYPE,150.0,6.25,150.0,150.0,24 inch bins
10,PIE TYPE,175.0,7.291666666666667,175.0,175.0,24 inch bins
10,PIE TYPE,107.5,4.479166666666667,100.0,115.0,24 inch bins
10,PIE TYPE,150.0,6.25,150.0,150.0,24 inch bins
10,PIE TYPE,107.5,4.479166666666667,100.0,115.0,24 inch bins
10,PIE TYPE,150.0,6.25,150.0,150.0,24 inch bins
10,PIE TYPE,117.5,4.895833333333333,115.0,120.0,24 inch bins
10,PIE TYPE,150.0,6.25,150.0,150.0,24 inch bins
10,PIE TYPE,117.5,4.895833333333333,115.0,120.0,24 inch bins
10,PIE TYPE,150.0,6.25,150.0,150.0,24 inch bins
11,PIE TYPE,117.5,4.895833333333333,115.0,120.0,24 inch bins
11,PIE TYPE,150.0,6.25,150.0,150.0,24 inch bins
9,PIE TYPE,149.5,6.229166666666667,149.0,150.0,24 inch bins
9,PIE TYPE,149.5,6.229166666666667,149.0,150.0,24 inch bins
9,MIXED HEIRLOOM VARIETIES,150.0,6.25,150.0,150.0,24 inch bins
10,MIXED HEIRLOOM VARIETIES,150.0,6.25,150.0,150.0,24 inch bins
10,MIXED HEIRLOOM VARIETIES,150.0,6.25,150.0,150.0,24 inch bins
10,MIXED HEIRLOOM VARIETIES,150.0,6.25,150.0,150.0,24 inch bins
10,MIXED HEIRLOOM VARIETIES,135.0,5.625,135.0,135.0,24 inch bins
10,MIXED HEIRLOOM VARIETIES,135.0,5.625,135.0,135.0,24 inch bins
9,HOWDEN TYPE,160.0,6.666666666666667,160.0,160.0,24 inch bins
9,HOWDEN TYPE,150.0,6.25,150.0,150.0,24 inch bins
9,HOWDEN TYPE,150.0,6.25,150.0,150.0,24 inch bins
10,HOWDEN TYPE,155.0,6.458333333333333,150.0,160.0,24 inch bins
10,HOWDEN TYPE,137.5,5.729166666666667,125.0,150.0,24 inch bins
10,HOWDEN TYPE,137.5,5.729166666666667,125.0,150.0,24 inch bins
10,HOWDEN TYPE,150.0,6.25,150.0,150.0,24 inch bins
10,HOWDEN TYPE,137.5,5.729166666666667,125.0,150.0,24 inch bins
10,HOWDEN TYPE,125.0,5.208333333333333,125.0,125.0,24 inch bins
10,HOWDEN TYPE,150.0,6.25,150.0,150.0,24 inch bins
10,HOWDEN TYPE,137.5,5.729166666666667,125.0,150.0,24 inch bins
10,HOWDEN TYPE,125.0,5.208333333333333,125.0,125.0,24 inch bins
10,HOWDEN TYPE,150.0,6.25,150.0,150.0,24 inch bins
10,HOWDEN TYPE,137.5,5.729166666666667,125.0,150.0,24 inch bins
10,HOWDEN TYPE,125.0,5.208333333333333,125.0,125.0,24 inch bins
10,HOWDEN TYPE,117.5,4.895833333333333,115.0,120.0,24 inch bins
10,HOWDEN TYPE,110.0,4.583333333333333,100.0,120.0,24 inch bins
10,HOWDEN TYPE,120.0,5.0,120.0,120.0,24 inch bins
11,HOWDEN TYPE,115.0,4.791666666666667,115.0,115.0,24 inch bins
11,HOWDEN TYPE,100.0,4.166666666666667,100.0,100.0,24 inch bins
11,HOWDEN TYPE,120.0,5.0,120.0,120.0,24 inch bins
9,HOWDEN TYPE,160.0,6.666666666666667,160.0,160.0,24 inch bins
9,HOWDEN TYPE,155.0,6.458333333333333,150.0,160.0,24 inch bins
9,HOWDEN TYPE,170.0,7.083333333333333,170.0,170.0,24 inch bins
9,HOWDEN TYPE,160.0,6.666666666666667,160.0,160.0,24 inch bins
9,HOWDEN TYPE,155.0,6.458333333333333,150.0,160.0,24 inch bins
9,HOWDEN TYPE,170.0,7.083333333333333,170.0,170.0,24 inch bins
9,HOWDEN TYPE,170.0,7.083333333333333,170.0,170.0,24 inch bins
9,HOWDEN TYPE,142.5,5.9375,125.0,160.0,24 inch bins
9,HOWDEN TYPE,142.5,5.9375,125.0,160.0,24 inch bins
9,HOWDEN TYPE,142.5,5.9375,125.0,160.0,24 inch bins
9,HOWDEN TYPE,170.0,4.722222222222222,170.0,170.0,36 inch bins
10,HOWDEN TYPE,165.0,4.583333333333333,160.0,170.0,36 inch bins
10,HOWDEN TYPE,160.0,4.444444444444445,160.0,160.0,36 inch bins
10,HOWDEN TYPE,160.0,4.444444444444445,160.0,160.0,36 inch bins
10,HOWDEN TYPE,160.0,4.444444444444445,160.0,160.0,36 inch bins
10,HOWDEN TYPE,130.0,3.611111111111111,120.0,140.0,36 inch bins
11,HOWDEN TYPE,120.0,3.3333333333333335,120.0,120.0,36 inch bins
9,HOWDEN TYPE,165.0,4.583333333333333,165.0,165.0,36 inch bins
9,HOWDEN TYPE,150.0,4.166666666666667,150.0,150.0,36 inch bins
9,HOWDEN TYPE,165.0,4.583333333333333,165.0,165.0,36 inch bins
9,HOWDEN TYPE,150.0,4.166666666666667,150.0,150.0,36 inch bins
9,HOWDEN TYPE,150.0,4.166666666666667,150.0,150.0,36 inch bins
9,HOWDEN TYPE,165.0,4.583333333333333,165.0,165.0,36 inch bins
9,HOWDEN TYPE,150.0,4.166666666666667,150.0,150.0,36 inch bins
9,HOWDEN TYPE,150.0,4.166666666666667,150.0,150.0,36 inch bins
9,HOWDEN WHITE TYPE,160.0,6.666666666666667,160.0,160.0,24 inch bins
10,HOWDEN WHITE TYPE,155.0,6.458333333333333,150.0,160.0,24 inch bins
10,HOWDEN WHITE TYPE,150.0,6.25,150.0,150.0,24 inch bins
10,HOWDEN WHITE TYPE,150.0,6.25,150.0,150.0,24 inch bins
10,HOWDEN WHITE TYPE,150.0,6.25,150.0,150.0,24 inch bins
10,HOWDEN WHITE TYPE,120.0,5.0,120.0,120.0,24 inch bins
11,HOWDEN WHITE TYPE,120.0,5.0,120.0,120.0,24 inch bins
9,HOWDEN WHITE TYPE,170.0,4.722222222222222,170.0,170.0,36 inch bins
10,HOWDEN WHITE TYPE,165.0,4.583333333333333,160.0,170.0,36 inch bins
10,HOWDEN WHITE TYPE,160.0,4.444444444444445,160.0,160.0,36 inch bins
10,HOWDEN WHITE TYPE,160.0,4.444444444444445,160.0,160.0,36 inch bins
10,HOWDEN WHITE TYPE,160.0,4.444444444444445,160.0,160.0,36 inch bins
10,HOWDEN WHITE TYPE,140.0,3.888888888888889,140.0,140.0,36 inch bins
11,HOWDEN WHITE TYPE,140.0,3.888888888888889,140.0,140.0,36 inch bins
9,CINDERELLA,160.0,6.666666666666667,160.0,160.0,24 inch bins
10,CINDERELLA,155.0,6.458333333333333,150.0,160.0,24 inch bins
10,CINDERELLA,150.0,6.25,150.0,150.0,24 inch bins
10,CINDERELLA,150.0,6.25,150.0,150.0,24 inch bins
10,CINDERELLA,150.0,6.25,150.0,150.0,24 inch bins
10,CINDERELLA,120.0,5.0,120.0,120.0,24 inch bins
11,CINDERELLA,120.0,5.0,120.0,120.0,24 inch bins
9,CINDERELLA,170.0,4.722222222222222,170.0,170.0,36 inch bins
10,CINDERELLA,165.0,4.583333333333333,160.0,170.0,36 inch bins
10,CINDERELLA,160.0,4.444444444444445,160.0,160.0,36 inch bins
10,CINDERELLA,160.0,4.444444444444445,160.0,160.0,36 inch bins
10,CINDERELLA,160.0,4.444444444444445,160.0,160.0,36 inch bins
10,CINDERELLA,140.0,3.888888888888889,140.0,140.0,36 inch bins
11,CINDERELLA,140.0,3.888888888888889,140.0,140.0,36 inch bins
9,FAIRYTALE,160.0,6.666666666666667,160.0,160.0,24 inch bins
10,FAIRYTALE,200.0,8.333333333333334,150.0,250.0,24 inch bins
10,FAIRYTALE,150.0,6.25,150.0,150.0,24 inch bins
10,FAIRYTALE,250.0,10.416666666666666,250.0,250.0,24 inch bins
10,FAIRYTALE,150.0,6.25,150.0,150.0,24 inch bins
10,FAIRYTALE,250.0,10.416666666666666,250.0,250.0,24 inch bins
10,FAIRYTALE,150.0,6.25,150.0,150.0,24 inch bins
10,FAIRYTALE,250.0,10.416666666666666,250.0,250.0,24 inch bins
10,FAIRYTALE,150.0,6.25,150.0,150.0,24 inch bins
10,FAIRYTALE,200.0,8.333333333333334,200.0,200.0,24 inch bins
11,FAIRYTALE,200.0,8.333333333333334,200.0,200.0,24 inch bins
11,FAIRYTALE,175.0,7.291666666666667,175.0,175.0,24 inch bins
9,FAIRYTALE,225.0,9.375,225.0,225.0,24 inch bins
9,FAIRYTALE,160.0,4.444444444444445,160.0,160.0,36 inch bins
10,FAIRYTALE,160.0,4.444444444444445,160.0,160.0,36 inch bins
10,FAIRYTALE,160.0,4.444444444444445,160.0,160.0,36 inch bins
10,FAIRYTALE,160.0,4.444444444444445,160.0,160.0,36 inch bins
10,FAIRYTALE,160.0,4.444444444444445,160.0,160.0,36 inch bins
10,FAIRYTALE,140.0,3.888888888888889,140.0,140.0,36 inch bins
11,FAIRYTALE,140.0,3.888888888888889,140.0,140.0,36 inch bins
10,PIE TYPE,100.0,4.166666666666667,100.0,100.0,24 inch bins
10,PIE TYPE,100.0,4.166666666666667,100.0,100.0,24 inch bins
10,PIE TYPE,100.0,4.166666666666667,100.0,100.0,24 inch bins
9,PIE TYPE,225.0,9.375,225.0,225.0,24 inch bins
9,PIE TYPE,225.0,9.375,225.0,225.0,24 inch bins
9,PIE TYPE,225.0,9.375,225.0,225.0,24 inch bins
9,PIE TYPE,300.0,8.333333333333334,300.0,300.0,36 inch bins
10,PIE TYPE,300.0,8.333333333333334,300.0,300.0,36 inch bins
10,PIE TYPE,300.0,8.333333333333334,300.0,300.0,36 inch bins
10,PIE TYPE,300.0,8.333333333333334,300.0,300.0,36 inch bins
10,PIE TYPE,300.0,8.333333333333334,300.0,300.0,36 inch bins
10,PIE TYPE,250.0,6.944444444444445,250.0,250.0,36 inch bins
11,PIE TYPE,250.0,6.944444444444445,250.0,250.0,36 inch bins
9,PIE TYPE,250.0,6.944444444444445,250.0,250.0,36 inch bins
9,PIE TYPE,250.0,6.944444444444445,250.0,250.0,36 inch bins
9,PIE TYPE,250.0,6.944444444444445,250.0,250.0,36 inch bins
10,MIXED HEIRLOOM VARIETIES,150.0,6.25,150.0,150.0,24 inch bins
10,MIXED HEIRLOOM VARIETIES,150.0,6.25,150.0,150.0,24 inch bins
10,MIXED HEIRLOOM VARIETIES,150.0,6.25,150.0,150.0,24 inch bins
10,MIXED HEIRLOOM VARIETIES,150.0,6.25,150.0,150.0,24 inch bins
10,MIXED HEIRLOOM VARIETIES,120.0,5.0,120.0,120.0,24 inch bins
11,MIXED HEIRLOOM VARIETIES,120.0,5.0,120.0,120.0,24 inch bins
11,HOWDEN TYPE,120.0,3.3333333333333335,120.0,120.0,36 inch bins
11,HOWDEN TYPE,160.0,4.444444444444445,160.0,160.0,36 inch bins
11,PIE TYPE,230.0,6.388888888888889,230.0,230.0,36 inch bins
9,HOWDEN TYPE,155.0,6.458333333333333,155.0,155.0,24 inch bins
10,HOWDEN TYPE,155.0,6.458333333333333,155.0,155.0,24 inch bins
10,HOWDEN TYPE,155.0,6.458333333333333,155.0,155.0,24 inch bins
10,HOWDEN TYPE,135.0,5.625,135.0,135.0,24 inch bins
10,HOWDEN TYPE,142.5,5.9375,135.0,150.0,24 inch bins
10,HOWDEN TYPE,135.0,5.625,135.0,135.0,24 inch bins
10,HOWDEN TYPE,135.0,5.625,120.0,150.0,24 inch bins
10,HOWDEN TYPE,135.0,5.625,120.0,150.0,24 inch bins
10,HOWDEN TYPE,132.5,5.520833333333333,120.0,145.0,24 inch bins
10,HOWDEN TYPE,132.5,5.520833333333333,120.0,145.0,24 inch bins
10,HOWDEN TYPE,135.0,5.625,120.0,150.0,24 inch bins
10,HOWDEN TYPE,132.5,5.520833333333333,120.0,145.0,24 inch bins
10,HOWDEN TYPE,132.5,5.520833333333333,120.0,145.0,24 inch bins
10,HOWDEN TYPE,130.0,5.416666666666667,110.0,150.0,24 inch bins
10,HOWDEN TYPE,122.5,5.104166666666667,100.0,145.0,24 inch bins
11,HOWDEN TYPE,120.0,5.0,120.0,120.0,24 inch bins
11,HOWDEN TYPE,115.0,4.791666666666667,110.0,120.0,24 inch bins
11,HOWDEN TYPE,110.0,4.583333333333333,100.0,120.0,24 inch bins
11,HOWDEN TYPE,120.0,5.0,120.0,120.0,24 inch bins
11,HOWDEN TYPE,115.0,4.791666666666667,110.0,120.0,24 inch bins
10,HOWDEN TYPE,440.0,18.333333333333332,440.0,440.0,24 inch bins
10,HOWDEN TYPE,142.5,3.9583333333333335,135.0,150.0,36 inch bins
10,HOWDEN TYPE,142.5,3.9583333333333335,135.0,150.0,36 inch bins
10,HOWDEN TYPE,142.5,3.9583333333333335,135.0,150.0,36 inch bins
10,HOWDEN TYPE,142.5,3.9583333333333335,135.0,150.0,36 inch bins
10,HOWDEN TYPE,142.5,3.9583333333333335,135.0,150.0,36 inch bins
10,HOWDEN TYPE,142.5,3.9583333333333335,135.0,150.0,36 inch bins
9,HOWDEN TYPE,140.0,3.888888888888889,140.0,140.0,36 inch bins
9,HOWDEN TYPE,157.5,4.375,140.0,175.0,36 inch bins
9,HOWDEN TYPE,175.0,4.861111111111111,175.0,175.0,36 inch bins
9,HOWDEN TYPE,120.0,3.3333333333333335,120.0,120.0,36 inch bins
9,HOWDEN TYPE,120.0,3.3333333333333335,120.0,120.0,36 inch bins
9,HOWDEN TYPE,120.0,3.3333333333333335,120.0,120.0,36 inch bins
9,HOWDEN TYPE,127.5,3.5416666666666665,120.0,135.0,36 inch bins
9,HOWDEN TYPE,127.5,3.5416666666666665,120.0,135.0,36 inch bins
9,HOWDEN TYPE,200.0,5.555555555555555,200.0,200.0,36 inch bins
9,HOWDEN TYPE,120.0,3.3333333333333335,120.0,120.0,36 inch bins
9,CINDERELLA,255.0,7.083333333333333,255.0,255.0,36 inch bins
9,CINDERELLA,220.0,6.111111111111111,185.0,255.0,36 inch bins
9,CINDERELLA,192.5,5.347222222222222,185.0,200.0,36 inch bins
10,FAIRYTALE,300.0,12.5,300.0,300.0,24 inch bins
10,FAIRYTALE,300.0,12.5,300.0,300.0,24 inch bins
9,FAIRYTALE,192.5,5.347222222222222,185.0,200.0,36 inch bins
10,PIE TYPE,350.0,14.583333333333334,350.0,350.0,24 inch bins
10,PIE TYPE,480.0,20.0,480.0,480.0,24 inch bins
10,PIE TYPE,350.0,14.583333333333334,350.0,350.0,24 inch bins
11,PIE TYPE,350.0,14.583333333333334,350.0,350.0,24 inch bins
11,PIE TYPE,350.0,14.583333333333334,350.0,350.0,24 inch bins
9,PIE TYPE,260.0,7.222222222222222,260.0,260.0,36 inch bins
9,PIE TYPE,260.0,7.222222222222222,260.0,260.0,36 inch bins
9,PIE TYPE,260.0,7.222222222222222,260.0,260.0,36 inch bins
9,PIE TYPE,440.0,12.222222222222221,440.0,440.0,36 inch bins
9,PIE TYPE,440.0,12.222222222222221,440.0,440.0,36 inch bins
9,BLUE TYPE,200.0,5.555555555555555,200.0,200.0,36 inch bins
10,BIG MACK TYPE,140.0,5.833333333333333,140.0,140.0,24 inch bins
10,BIG MACK TYPE,140.0,5.833333333333333,140.0,140.0,24 inch bins
10,BIG MACK TYPE,140.0,5.833333333333333,140.0,140.0,24 inch bins
10,MIXED HEIRLOOM VARIETIES,167.5,6.979166666666667,160.0,175.0,24 inch bins
10,MIXED HEIRLOOM VARIETIES,160.0,6.666666666666667,160.0,160.0,24 inch bins
10,MIXED HEIRLOOM VARIETIES,160.0,6.666666666666667,160.0,160.0,24 inch bins
10,MIXED HEIRLOOM VARIETIES,160.0,6.666666666666667,160.0,160.0,24 inch bins
10,MIXED HEIRLOOM VARIETIES,150.0,6.25,140.0,160.0,24 inch bins
11,MIXED HEIRLOOM VARIETIES,150.0,6.25,140.0,160.0,24 inch bins
9,MIXED HEIRLOOM VARIETIES,200.0,5.555555555555555,200.0,200.0,36 inch bins
9,MIXED HEIRLOOM VARIETIES,200.0,5.555555555555555,200.0,200.0,36 inch bins
9,HOWDEN TYPE,145.0,6.041666666666667,140.0,150.0,24 inch bins
9,HOWDEN TYPE,150.0,4.166666666666667,150.0,150.0,36 inch bins
9,HOWDEN TYPE,150.0,4.166666666666667,150.0,150.0,36 inch bins
9,HOWDEN TYPE,155.0,4.305555555555555,150.0,160.0,36 inch bins
10,HOWDEN TYPE,140.0,3.888888888888889,140.0,140.0,36 inch bins
10,HOWDEN TYPE,140.0,3.888888888888889,140.0,140.0,36 inch bins
10,HOWDEN TYPE,120.0,3.3333333333333335,120.0,120.0,36 inch bins
10,HOWDEN TYPE,147.5,4.097222222222222,140.0,155.0,36 inch bins
10,HOWDEN TYPE,120.0,3.3333333333333335,120.0,120.0,36 inch bins
10,HOWDEN TYPE,122.5,3.4027777777777777,120.0,125.0,36 inch bins
10,HOWDEN TYPE,112.5,3.125,100.0,125.0,36 inch bins
10,HOWDEN TYPE,135.0,3.75,130.0,140.0,36 inch bins
10,HOWDEN TYPE,120.0,3.3333333333333335,120.0,120.0,36 inch bins
10,HOWDEN TYPE,135.0,3.75,130.0,140.0,36 inch bins
10,HOWDEN TYPE,110.0,3.0555555555555554,100.0,120.0,36 inch bins
10,HOWDEN TYPE,135.0,3.75,130.0,140.0,36 inch bins
10,HOWDEN TYPE,120.0,3.3333333333333335,120.0,120.0,36 inch bins
10,HOWDEN TYPE,135.0,3.75,130.0,140.0,36 inch bins
10,HOWDEN TYPE,110.0,3.0555555555555554,100.0,120.0,36 inch bins
9,HOWDEN TYPE,120.0,3.3333333333333335,120.0,120.0,36 inch bins
9,HOWDEN TYPE,135.0,3.75,120.0,150.0,36 inch bins
9,HOWDEN TYPE,140.0,3.888888888888889,140.0,140.0,36 inch bins
9,HOWDEN TYPE,150.0,4.166666666666667,150.0,150.0,36 inch bins
9,HOWDEN TYPE,135.0,3.75,120.0,150.0,36 inch bins
9,HOWDEN TYPE,145.0,4.027777777777778,140.0,150.0,36 inch bins
9,HOWDEN TYPE,145.0,4.027777777777778,140.0,150.0,36 inch bins
9,HOWDEN TYPE,140.0,3.888888888888889,140.0,140.0,36 inch bins
9,HOWDEN TYPE,140.0,3.888888888888889,140.0,140.0,36 inch bins
10,PIE TYPE,250.0,10.416666666666666,250.0,250.0,24 inch bins
10,PIE TYPE,140.0,5.833333333333333,140.0,140.0,24 inch bins
10,PIE TYPE,145.0,6.041666666666667,140.0,150.0,24 inch bins
10,PIE TYPE,87.5,3.6458333333333335,75.0,100.0,24 inch bins
10,PIE TYPE,145.0,6.041666666666667,140.0,150.0,24 inch bins
10,PIE TYPE,87.5,3.6458333333333335,75.0,100.0,24 inch bins
9,PIE TYPE,180.0,7.5,180.0,180.0,24 inch bins
9,PIE TYPE,140.0,5.833333333333333,140.0,140.0,24 inch bins
9,PIE TYPE,180.0,7.5,180.0,180.0,24 inch bins
9,PIE TYPE,140.0,5.833333333333333,140.0,140.0,24 inch bins
10,KNUCKLE HEAD,210.0,8.75,210.0,210.0,24 inch bins
9,HOWDEN TYPE,105.0,4.375,105.0,105.0,24 inch bins
9,HOWDEN TYPE,105.0,4.375,105.0,105.0,24 inch bins
9,HOWDEN TYPE,105.0,4.375,105.0,105.0,24 inch bins
9,HOWDEN TYPE,105.0,4.375,105.0,105.0,24 inch bins
9,HOWDEN TYPE,105.0,4.375,105.0,105.0,24 inch bins
9,HOWDEN TYPE,105.0,4.375,105.0,105.0,24 inch bins
9,HOWDEN TYPE,105.0,4.375,105.0,105.0,24 inch bins
9,HOWDEN TYPE,105.0,4.375,105.0,105.0,24 inch bins
9,HOWDEN TYPE,105.0,4.375,105.0,105.0,24 inch bins
9,HOWDEN TYPE,105.0,4.375,105.0,105.0,24 inch bins
9,HOWDEN TYPE,130.0,3.611111111111111,125.0,135.0,36 inch bins
9,HOWDEN TYPE,135.0,3.75,135.0,135.0,36 inch bins
9,HOWDEN TYPE,130.0,3.611111111111111,125.0,135.0,36 inch bins
9,HOWDEN TYPE,125.0,3.4722222222222223,125.0,125.0,36 inch bins
9,HOWDEN TYPE,125.0,3.4722222222222223,125.0,125.0,36 inch bins
9,HOWDEN TYPE,125.0,3.4722222222222223,125.0,125.0,36 inch bins
9,HOWDEN TYPE,130.0,3.611111111111111,125.0,135.0,36 inch bins
9,HOWDEN TYPE,135.0,3.75,135.0,135.0,36 inch bins
9,HOWDEN TYPE,130.0,3.611111111111111,125.0,135.0,36 inch bins
9,HOWDEN TYPE,125.0,3.4722222222222223,125.0,125.0,36 inch bins
9,HOWDEN TYPE,125.0,3.4722222222222223,125.0,125.0,36 inch bins
9,HOWDEN TYPE,125.0,3.4722222222222223,125.0,125.0,36 inch bins
9,HOWDEN TYPE,130.0,3.611111111111111,125.0,135.0,36 inch bins
9,HOWDEN TYPE,135.0,3.75,135.0,135.0,36 inch bins
9,HOWDEN TYPE,130.0,3.611111111111111,125.0,135.0,36 inch bins
9,HOWDEN TYPE,125.0,3.4722222222222223,125.0,125.0,36 inch bins
9,HOWDEN TYPE,125.0,3.4722222222222223,125.0,125.0,36 inch bins
9,HOWDEN TYPE,125.0,3.4722222222222223,125.0,125.0,36 inch bins
9,HOWDEN TYPE,130.0,3.611111111111111,125.0,135.0,36 inch bins
9,HOWDEN TYPE,135.0,3.75,135.0,135.0,36 inch bins
9,HOWDEN TYPE,130.0,3.611111111111111,125.0,135.0,36 inch bins
9,HOWDEN TYPE,125.0,3.4722222222222223,125.0,125.0,36 inch bins
9,HOWDEN TYPE,125.0,3.4722222222222223,125.0,125.0,36 inch bins
9,HOWDEN TYPE,125.0,3.4722222222222223,125.0,125.0,36 inch bins
9,HOWDEN TYPE,120.0,3.3333333333333335,115.0,125.0,36 inch bins
9,HOWDEN TYPE,115.0,3.1944444444444446,115.0,115.0,36 inch bins
9,HOWDEN TYPE,120.0,3.3333333333333335,115.0,125.0,36 inch bins
9,HOWDEN TYPE,115.0,3.1944444444444446,115.0,115.0,36 inch bins
9,HOWDEN TYPE,115.0,3.1944444444444446,115.0,115.0,36 inch bins
9,HOWDEN TYPE,115.0,3.1944444444444446,115.0,115.0,36 inch bins
9,HOWDEN WHITE TYPE,150.0,6.25,150.0,150.0,24 inch bins
9,HOWDEN WHITE TYPE,150.0,6.25,150.0,150.0,24 inch bins
9,HOWDEN WHITE TYPE,150.0,6.25,150.0,150.0,24 inch bins
9,HOWDEN WHITE TYPE,150.0,6.25,150.0,150.0,24 inch bins
9,HOWDEN WHITE TYPE,150.0,6.25,150.0,150.0,24 inch bins
9,PIE TYPE,175.0,7.291666666666667,175.0,175.0,24 inch bins
9,PIE TYPE,175.0,7.291666666666667,175.0,175.0,24 inch bins
9,PIE TYPE,175.0,7.291666666666667,175.0,175.0,24 inch bins
9,PIE TYPE,175.0,7.291666666666667,175.0,175.0,24 inch bins
9,PIE TYPE,175.0,7.291666666666667,175.0,175.0,24 inch bins
9,PIE TYPE,275.0,7.638888888888889,275.0,275.0,36 inch bins
9,PIE TYPE,275.0,7.638888888888889,275.0,275.0,36 inch bins
9,PIE TYPE,275.0,7.638888888888889,275.0,275.0,36 inch bins
9,PIE TYPE,275.0,7.638888888888889,275.0,275.0,36 inch bins
9,PIE TYPE,150.0,4.166666666666667,150.0,150.0,36 inch bins
9,MIXED HEIRLOOM VARIETIES,100.0,4.166666666666667,100.0,100.0,24 inch bins
9,MIXED HEIRLOOM VARIETIES,135.0,5.625,135.0,135.0,24 inch bins
9,MIXED HEIRLOOM VARIETIES,100.0,4.166666666666667,100.0,100.0,24 inch bins
9,MIXED HEIRLOOM VARIETIES,135.0,5.625,135.0,135.0,24 inch bins
9,MIXED HEIRLOOM VARIETIES,100.0,4.166666666666667,100.0,100.0,24 inch bins
9,MIXED HEIRLOOM VARIETIES,135.0,5.625,135.0,135.0,24 inch bins
9,MIXED HEIRLOOM VARIETIES,100.0,4.166666666666667,100.0,100.0,24 inch bins
9,MIXED HEIRLOOM VARIETIES,135.0,5.625,135.0,135.0,24 inch bins
9,MIXED HEIRLOOM VARIETIES,100.0,4.166666666666667,100.0,100.0,24 inch bins
9,MIXED HEIRLOOM VARIETIES,135.0,5.625,135.0,135.0,24 inch bins
9,MINIATURE,275.0,7.638888888888889,275.0,275.0,36 inch bins
9,MINIATURE,275.0,7.638888888888889,275.0,275.0,36 inch bins
9,MINIATURE,275.0,7.638888888888889,275.0,275.0,36 inch bins
9,MINIATURE,275.0,7.638888888888889,275.0,275.0,36 inch bins
